,0
0, 02114
1, 02114
2, 02114
3, 02114
4, 02114
5, 02210
6, 02125
7, 02114
8, 02130
9, 02130
10, 02114
11, 02128
12, 02435
13, 02435
14, 02114
15, 02126
16, 02126
17, 02126
18, 02114
19, 02114
20, 02114
21, 02118
22, 02118
23, 02131-4931
24, 02125
25, 02114
26, 02114
27, 02114
28, 02119
29, 02121
30, 02114
31, 02125
32, 02118
33, 02118
34, 02132
35, 02114
36, 02114
37, 02131
38, 02118
39, 02118
40, 02114
41, 02114
42, 02119
43, 02132
44, 02114
45, 02114
46, 02114
47, 02118
48, 02130
49, 02130
50, 02130
51, 02124
52, 02124
53, 02124
54, 02128
55, 02114
56, 02114
57, 02114
58, 02119
59, 02114
60, 02171
61, 02130
62, 02114
63, 02125
64, 02134-1433
65, 02114
66, 02114
67, 02126
68, 02129
69, 02135
70, 02118
71, 02131-4931
72, 02114
73, 02114
74, 02114
75, 02114
76, 02114
77, 02135
78, 02135
79, 02114
80, 02114
81, 02114
82, 02114
83, 02125
84, 02125
85, 02114
86, 02114
87, 02114
88, 02114
89, 02125
90, 02114
91, 02114
92, 02127
93, 02124
94, 02114
95, 02114
96, 02114
97, 02114
98, 02114
99, 02114
100, 02135
101, 02114
102, 02114
103, 02114
104, 02114
105, 02131-4931
106, 02114
107, 02114
108, 02119
109, 02114
110, 02114
111, 02114
112, MA 02135
113, 02130
114, 02130
115, 02136-2460
116, 02114
117, 02114
118, 02114
119, 02125
120, 02121
121, 02114
122, 02134
123, 02114
124, 02114
125, 02114
126, 02114
127, 02118
128, 02114
129, 02114
130, 02114
131, 02125
132, 02114
133, 02114
134, 02125
135, 02132-3226
136, 02118
137, 02114
138, 02114
139, 02114
140, 02114
141, 02124
142, 02114
143, 02124
144, 02114
145, 02114
146, 02125
147, 02132
148, 02130
149, 02125
150, 02121
151, 02114
152, 02124
153, 02122
154, 02125
155, 02114
156, 02114
157, 02114
158, 02114
159, 02114
160, 02126
161, 02121
162, 02121
163, 02134
164, 02131-4931
165, 02114
166, 02114
167, 02114
168, 02445-5841
169, 02127
170, 02114
171, 02171
172, 02124
173, 02124
174, 02124
175, 02128
176, 02124
177, 02124
178, 02114
179, 02114
180, 02114
181, 02124
182, 02128
183, 02128
184, 02131-3025
185, 02114
186, 02114
187, 02114
188, 02116
189, 02131-4931
190, 02131-4931
191, 02127
192, 02126
193, 02124
194, 02128
195, 02128
196, 02132-1239
197, 02131-4931
198, 02131-4931
199, MA 02135
200, MA 02135
201, MA 02135
202, 02111
203, 02111
204, 02152
205, 02152
206, 02114
207, 02135
208, 02124
209, MA 02186
210, 02114
211, 02114
212, 02114
213, 02114
214, 02114
215, 02132
216, 02114
217, 02114
218, 02114
219, 02114
220, 02114
221, 02114
222, 02114
223, 02114
224, 02124
225, 02124
226, 02114
227, 02125
228, 02124
229, 02124
230, 02124
231, 02125
232, 02114
233, 02114
234, 02124
235, 02114
236, 02114
237, 02126
238, 02126
239, 02026
240, 02114
241, 02114
242, 02114
243, 02114
244, 02114
245, 02114
246, 02114
247, 02114
248, 02114
249, 02114
250, 02114
251, 02114
252, 02122
253, 02124
254, 02130
255, 02121
256, 02126
257, 02126
258, 02126
259, 02121
260, 02121
261, 02121
262, 02114
263, 02131-4931
264, 02114
265, 02114
266, 02114
267, 02114
268, 02114
269, 02122
270, 02125
271, 02114
272, 02114
273, 02134-1433
274, 02134-1433
275, 02134-1433
276, 02114
277, 02114
278, 02114
279, 02114
280, 02114
281, 02114
282, 02124
283, 02114
284, 02114
285, 02131-4931
286, 02114
287, 02114
288, 02130
289, 02122
290, 02132
291, 02114
292, 02127
293, 02129
294, 02129
295, 02131-4931
296, 02130
297, 02130
298, 02114
299, 02114
300, 02114
301, 02118
302, 02114
303, 02114
304, 02125
305, 02119
306, 02114
307, 02114
308, 02114
309, 02114
310, 02125
311, 02114
312, 02114
313, 02114
314, 02119
315, 02114
316, 02124
317, 02131-3025
318, 02131-3025
319, 02121
320, 02136
321, 02124
322, 02124
323, 02114
324, 02114
325, 02108
326, 02132
327, 02124
328, 02114
329, 02118
330, 02118
331, 02132
332, 02124
333, 02128
334, 02130
335, 02124
336, 02114
337, 02114
338, 02114
339, 02114
340, 02114
341, 02114
342, 02114
343, 02114
344, 02114
345, 02136
346, 02136
347, MA 02135
348, 02114
349, 02114
350, 02114
351, 02126
352, 02114
353, MA 02135
354, 02114
355, 02125
356, 02136-2460
357, 02114
358, 02114
359, 02124
360, 02126
361, 02126
362, 02125
363, 02114
364, 02124
365, 02114
366, 02118
367, 02126
368, 02126
369, 02125
370, 02134
371, 02135
372, 02118
373, 02114
374, 02126
375, 02114
376, 02114
377, 02114
378, 02131-4931
379, 02131-4931
380, 02130
381, 02126
382, 02126
383, 02114
384, 02114
385, 02114
386, 02126
387, 02126
388, 02135
389, 02114
390, 02126
391, 02114
392, 02114
393, 02114
394, 02131-4931
395, 02131-4931
396, 02114
397, 02114
398, 02114
399, 02114
400, 02131-4931
401, 02114
402, 02114
403, 02114
404, 02124
405, 02114
406, 02124
407, 02120
408, 02114
409, 02126
410, 02126
411, 02126
412, MA 02186
413, 02130
414, 02136-2460
415, 02131-4931
416, 02134-1433
417, 02114
418, 02126
419, 02114
420, 02125
421, 02114
422, 02126
423, 02128
424, 02114
425, 02114
426, 02131-4931
427, 02131-4931
428, 02114
429, 02124
430, 02119
431, 02125
432, 02116
433, 02120
434, 02124
435, 02135
436, 02135
437, 02114
438, 02114
439, 02114
440, 02131-4931
441, 02131-4931
442, 02126
443, 02131-3025
444, 02445-5841
445, 02114
446, 02124
447, 02114
448, 02114
449, 02114
450, 02114
451, 02114
452, 02114
453, 02114
454, 02124
455, 02124
456, 02114
457, 02114
458, 02114
459, 02125
460, 02131-4931
461, 02131-4931
462, 02114
463, 02130
464, 02114
465, 02114
466, 02114
467, 02114
468, 02114
469, 02132-3226
470, 02114
471, 02125
472, 02127
473, 02134-1322
474, 02114
475, 02111
476, 02111
477, 02114
478, 02114
479, 02130
480, 02114
481, 02114
482, 02114
483, 02114
484, 02114
485, 02114
486, 02114
487, 02114
488, 02114
489, 02114
490, 02125
491, 02114
492, 02118
493, 02118
494, 02118
495, 02114
496, 02114
497, 02114
498, 02126
499, 02126
500, 02125
501, 02125
502, 02126
503, 02114
504, 02114
505, 02114
506, 02114
507, 02114
508, 02114
509, 02114
510, 02127
511, 02118
512, 02114
513, 02114
514, 02114
515, 02114
516, 02114
517, 02131-4931
518, 02114
519, 02125
520, 02114
521, 02114
522, 02130
523, 02130
524, 02114
525, 02121
526, 02114
527, 02132
528, 02125
529, 02125
530, 02125
531, 02121
532, 02114
533, 02132-1239
534, 02132-1239
535, 02132-1239
536, 02114
537, 02125
538, 02125
539, MA 02135
540, 02119
541, 02116
542, 02116
543, 02116
544, 02114
545, 02114
546, 02114
547, 02118
548, 02118
549, 02118
550, 02114
551, 02114
552, 02119
553, 02119
554, MA 02135
555, 02134
556, 02124
557, 02124
558, 02129
559, 02121
560, 02121
561, 02114
562, 02136-2460
563, 02136-2460
564, 02114
565, 02114
566, 02114
567, 02114
568, 02114
569, 02135
570, 02114
571, 02135
572, 02125
573, 02114
574, 02114
575, 02114
576, 02126
577, 02122
578, 02114
579, 02111
580, 02114
581, 02118
582, 02122
583, 02114
584, 02114
585, 02114
586, 02114
587, 02114
588, 02114
589, 02132
590, 02129
591, 02125
592, 02131
593, 02131
594, 02128
595, 02122
596, 02114
597, 02114
598, 02126
599, 02130
600, 02114
601, 02130
602, 02124
603, 02121
604, 02119
605, 02114
606, 02114
607, 02114
608, 02125
609, 02121
610, 02114
611, 02114
612, 02114
613, 02114
614, 02126
615, 02135
616, 02124
617, 02124
618, 02114
619, 02114
620, 02114
621, 02114
622, 02114
623, 02114
624, 02128
625, 02125
626, 02119
627, 02128
628, 02114
629, 02130
630, MA 02135
631, 02114
632, 02114
633, 02124
634, 02114
635, 02114
636, 02126
637, 02124
638, 02126
639, 02114
640, 02118
641, 02118
642, 02114
643, 02126
644, 02126
645, 02131-3025
646, 02132-3226
647, 02125
648, 02114
649, 02114
650, 02114
651, 02118
652, 02118
653, 02114
654, 02124
655, 02124
656, 02114
657, 02128
658, 02114
659, 02131-4931
660, 02125
661, 02114
662, 02114
663, 02122
664, 02116
665, 02114
666, 02114
667, 02114
668, 02114
669, 02114
670, 02118
671, 02114
672, 02130-4803
673, 02114
674, 02131-4931
675, 02130
676, 02125
677, 02118
678, 02114
679, 02114
680, 02122
681, 02114
682, 02114
683, 02114
684, 02114
685, 02121
686, 02114
687, 02124
688, 02114
689, 02119
690, 02124
691, 02114
692, 02114
693, 02114
694, 02114
695, 02114
696, 02114
697, 02124
698, 02129
699, 02126
700, 02126
701, 02130
702, 02114
703, 02128
704, 02132
705, 02127
706, 02114
707, 02114
708, 02132
709, 02125
710, 02124
711, 02121
712, 02121
713, 02131-4931
714, 02128
715, 02114
716, 02114
717, 02114
718, 02114
719, 02114
720, 02114
721, 02124
722, 02114
723, 02114
724, 02114
725, 02129
726, 02114
727, 02114
728, 02130
729, 02126
730, 02126
731, 02131
732, 02114
733, 02128
734, 02128
735, 02132
736, 02114
737, 02114
738, 02122
739, 02132
740, 02114
741, 02127
742, 02114
743, 02114
744, 02130-4803
745, 02131
746, 02114
747, MA 02135
748, 02129
749, 02114
750, 02128
751, 02114
752, 02131-4931
753, 02131-4931
754, 02114
755, 02114
756, 02114
757, 02114
758, 02125
759, 02114
760, 02121
761, 02121
762, 02129
763, 02129
764, 02124
765, 02127
766, 02122
767, 02118
768, 02118
769, 02118
770, 02118
771, 02114
772, 02118
773, 02114
774, 02130
775, 02114
776, 02114
777, 02114
778, 02127
779, 02114
780, 02114
781, 02114
782, MA 02186
783, 02126
784, 02126
785, 02126
786, 02114
787, MA 02135
788, 02136
789, 02119
790, 02114
791, 02114
792, 02130
793, 02130
794, 02125
795, 02125
796, 02125
797, MA 02135
798, 02114
799, 02126
800, 02126
801, 02126
802, 02119
803, 02114
804, 02114
805, 02121
806, 02114
807, 02126
808, 02126
809, 02126
810, 02114
811, 02114
812, 02114
813, 02114
814, 02114
815, 02127
816, 02114
817, 02129
818, 02114
819, 02128
820, 02131-4931
821, 02128
822, 02126
823, 02128
824, 02128
825, 02118
826, 02124
827, 02114
828, 02114
829, 02132
830, 02128
831, 02128
832, 02114
833, 02114
834, 02131-3025
835, 02125
836, 02131
837, 02114
838, 02114
839, 02114
840, 02114
841, 02114
842, 02114
843, 02131-4931
844, 02111
845, 02131
846, 02118
847, 02114
848, 02131-4931
849, 02130
850, 02130
851, 02114
852, 02114
853, 02131-3025
854, 02131-3025
855, 02131-3025
856, 02114
857, 02114
858, 02114
859, 02114
860, 02130
861, 02121
862, 02114
863, 02126
864, 02126
865, 02126
866, 02131-3025
867, 02131-3025
868, 02131-3025
869, 02131-3025
870, 02114
871, 02121
872, 02114
873, 02114
874, 02130
875, 02114
876, 02114
877, 02114
878, 02114
879, 02119
880, 02114
881, 02152
882, 02130
883, 02130
884, 02114
885, 02128
886, 02124
887, 02125
888, 02118
889, 02124
890, 02114
891, 02125
892, 02125
893, 02114
894, 02130
895, 02114
896, 02130
897, 02114
898, 02128
899, 02114
900, 02126
901, 02114
902, 02114
903, 02119
904, 02114
905, 02131
906, 02134-1319
907, 02121
908, 02114
909, 02114
910, 02114
911, 02126
912, 02114
913, 02114
914, 02126
915, MA 02135
916, MA 02135
917, MA 02135
918, MA 02135
919, 02114
920, 02130
921, 02114
922, 02114
923, 02114
924, 02124
925, 02114
926, 02114
927, 02114
928, MA 02135
929, 02114
930, 02134
931, 02132
932, 02114
933, 02114
934, 02114
935, 02114
936, 02131-3025
937, 02131-3025
938, 02131-3025
939, 02114
940, 02114
941, 02128
942, 02128
943, 02119
944, 02119
945, 02119
946, 02136
947, 02114
948, 02121
949, 02121
950, 02132-1239
951, 02132-1239
952, 02114
953, 02114
954, 02114
955, 02114
956, 02114
957, 02114
958, 02114
959, 02114
960, 02121
961, 02124
962, 02118
963, 02114
964, 02114
965, 02125
966, 02125
967, 02125
968, 02124
969, 02125
970, 02125
971, 02136
972, 02114
973, 02114
974, 02114
975, 02114
976, 02114
977, 02122
978, 02114
979, 02114
980, 02114
981, 02114
982, 02114
983, 02114
984, 02114
985, 02126
986, 02126
987, 02126
988, 02126
989, 02124
990, 02114
991, 02114
992, 02114
993, 02114
994, 02114
995, 02125
996, 02114
997, 02114
998, 02114
999, 02136
1000, 02114
1001, 02124
1002, 02125
1003, 02114
1004, 02132
1005, 02130
1006, 02126
1007, 02121
1008, 02120
1009, 02120
1010, 02114
1011, 02114
1012, 02114
1013, 02114
1014, 02114
1015, 02114
1016, 02114
1017, 02114
1018, 02124
1019, 02124
1020, 02129
1021, 02114
1022, 02114
1023, 02114
1024, 02114
1025, 02114
1026, 02114
1027, 02114
1028, 02114
1029, 02121
1030, 02114
1031, 02114
1032, 02114
1033, 02114
1034, 02114
1035, 02114
1036, 02114
1037, 02114
1038, 02114
1039, 02136
1040, 02130
1041, 02131-4931
1042, 02114
1043, 02126
1044, 02114
1045, 02114
1046, 02114
1047, 02114
1048, 02135
1049, 02114
1050, 02114
1051, 02125
1052, 02125
1053, 02127
1054, 02114
1055, 02114
1056, 02114
1057, 02114
1058, 02131-4931
1059, 02131-4931
1060, 02126
1061, 02125
1062, 02114
1063, 02114
1064, 02125
1065, 02126
1066, 02114
1067, 02114
1068, 02114
1069, 02119
1070, 02128
1071, 02128
1072, 02114
1073, 02114
1074, 02114
1075, 02114
1076, 02114
1077, 02114
1078, 02114
1079, 02114
1080, 02120
1081, 02129
1082, 02114
1083, 02114
1084, 02114
1085, 02114
1086, 02114
1087, 02152
1088, 02152
1089, 02114
1090, 02114
1091, 02114
1092, 02114
1093, 02131
1094, 02114
1095, 02114
1096, 02114
1097, 02114
1098, 02131-4931
1099, 02130
1100, 02124
1101, 02124
1102, 02124
1103, 02119
1104, 02119
1105, 02114
1106, 02114
1107, 02114
1108, 02121
1109, 02126
1110, 02114
1111, 02114
1112, 02121
1113, 02114
1114, 02114
1115, 02114
1116, 02125
1117, 02125
1118, 02114
1119, 02126
1120, 02128
1121, 02114
1122, 02114
1123, 02114
1124, 02136
1125, 02120
1126, 02114
1127, 02136
1128, 02114
1129, 02114
1130, 02124
1131, 02126
1132, 02125
1133, 02114
1134, 02131-4931
1135, 02136
1136, 02136
1137, 02124
1138, 02124
1139, 02114
1140, 02124
1141, 02114
1142, 02114
1143, 02122
1144, 02122
1145, 02122
1146, 02114
1147, 02114
1148, 02114
1149, 02118
1150, 02114
1151, 02114
1152, 02114
1153, 02114
1154, 02114
1155, 02130
1156, 02126
1157, 02114
1158, 02114
1159, 02114
1160, 02114
1161, 02114
1162, 02114
1163, 02114
1164, 02114
1165, 02114
1166, 02114
1167, 02114
1168, 02114
1169, 02122
1170, 02114
1171, 02114
1172, 02114
1173, 02128
1174, 02114
1175, 02114
1176, 02114
1177, 02124
1178, 02114
1179, 02114
1180, 02114
1181, 02132
1182, 02121
1183, 02114
1184, 02114
1185, 02114
1186, 02114
1187, 02132-3226
1188, 02114
1189, 02114
1190, 02114
1191, 02132-3226
1192, 02124
1193, MA 02186
1194, 02114
1195, 02114
1196, 02129
1197, 02129
1198, 02118
1199, 02125
1200, 02114
1201, 02111
1202, 02126
1203, 02126
1204, 02126
1205, 02114
1206, 02114
1207, 02124
1208, 02114
1209, 02114
1210, 02121
1211, 02114
1212, 02114
1213, 02114
1214, 02114
1215, 02114
1216, 02114
1217, 02114
1218, 02114
1219, 02114
1220, 02122
1221, 02114
1222, 02118
1223, 02114
1224, 02131-4931
1225, 02131-4931
1226, 02114
1227, 02114
1228, 02114
1229, 02136
1230, 02136
1231, 02136
1232, 02126
1233, 02114
1234, 02126
1235, 02126
1236, 02118
1237, 02124
1238, 02125
1239, 02130
1240, 02130
1241, 02130
1242, 02130
1243, 02114
1244, 02114
1245, 02114
1246, 02114
1247, 02125
1248, 02125
1249, 02114
1250, 02130
1251, 02114
1252, 02111
1253, 02111
1254, 02114
1255, 02114
1256, 02114
1257, 02114
1258, 02136-2460
1259, 02124
1260, 02124
1261, 02114
1262, 02114
1263, 02114
1264, 02114
1265, 02114
1266, 02114
1267, 02114
1268, 02114
1269, 02131
1270, 02131
1271, 02131-4931
1272, 02126
1273, 02124
1274, 02131
1275, 02114
1276, 02114
1277, 02114
1278, 02128
1279, 02114
1280, 02114
1281, 02114
1282, 02114
1283, 02128
1284, 02215
1285, 02124
1286, 02125
1287, 02132
1288, 02125
1289, 02132
1290, 02130
1291, 02114
1292, 02125
1293, 02111
1294, 02111
1295, 02114
1296, 02118
1297, 02114
1298, 02114
1299, 02119
1300, 02114
1301, 02124
1302, 02119
1303, 02114
1304, 02114
1305, 02114
1306, 02134-1319
1307, 02114
1308, 02126
1309, 02114
1310, 02118
1311, 02125
1312, 02128
1313, 02126
1314, 02122
1315, 02122
1316, 02114
1317, 02114
1318, 02114
1319, 02114
1320, 02114
1321, 02114
1322, 02114
1323, 02129
1324, 02114
1325, 02114
1326, 02114
1327, 02124
1328, 02114
1329, 02114
1330, 02114
1331, 02114
1332, 02125
1333, 02130
1334, 02130
1335, 02114
1336, 02114
1337, 02114
1338, 02131-4931
1339, 02131-4931
1340, 02124
1341, 02124
1342, 02131
1343, 02114
1344, 02126
1345, 02114
1346, 02130-4803
1347, 02126
1348, 02124
1349, 02114
1350, 02128
1351, 02122
1352, 02114
1353, 02114
1354, 02132-3226
1355, 02126
1356, 02126
1357, 02125
1358, 02125
1359, 02130
1360, MA 02135
1361, 02114
1362, 02114
1363, 02114
1364, 02114
1365, 02126
1366, 02125
1367, 02114
1368, 02114
1369, 02132
1370, 02114
1371, 02114
1372, 02114
1373, 02114
1374, 02114
1375, 02114
1376, 02125
1377, 02125
1378, 02125
1379, 02129
1380, 02129
1381, 02129
1382, 02114
1383, 02114
1384, 02132
1385, 02114
1386, 02124
1387, 02125
1388, 02118
1389, 02125
1390, 02114
1391, 02121
1392, 02121
1393, 02114
1394, 02114
1395, 02114
1396, 02114
1397, 02114
1398, 02129
1399, 02114
1400, 02125
1401, 02130
1402, 02130
1403, 02114
1404, MA 02135
1405, 02129
1406, 02124
1407, 02124
1408, 02114
1409, MA 02135
1410, MA 02135
1411, MA 02135
1412, 02129
1413, 02114
1414, 02114
1415, 02114
1416, 02114
1417, 02111
1418, 02114
1419, 02114
1420, 02114
1421, 02122
1422, 02122
1423, 02114
1424, 02119
1425, 02114
1426, 02114
1427, 02114
1428, 02114
1429, 02114
1430, 02125
1431, 02135
1432, 02114
1433, 02114
1434, 02130
1435, 02130
1436, 02130
1437, 02130
1438, 02114
1439, 02114
1440, 02134-1409
1441, 02131
1442, 02131
1443, 02114
1444, 02114
1445, 02114
1446, 02118
1447, 02114
1448, 02132
1449, 02121
1450, 02121
1451, 02136
1452, 02114
1453, 02114
1454, 02135
1455, 02135
1456, 02114
1457, 02127
1458, 02125
1459, 02114
1460, 02125
1461, 02125
1462, 02114
1463, 02114
1464, 02113
1465, 02114
1466, 02114
1467, 02114
1468, 02125
1469, 02114
1470, 02114
1471, 02114
1472, 02114
1473, 02114
1474, 02114
1475, 02131-4931
1476, 02114
1477, 02114
1478, 02114
1479, 02114
1480, 02114
1481, 02132-1239
1482, 02136
1483, 02125
1484, 02114
1485, 02114
1486, 02132
1487, 02114
1488, 02126
1489, 02125
1490, 02122
1491, 02026
1492, 02026
1493, 02026
1494, 02114
1495, 02124
1496, 02114
1497, 02114
1498, 02114
1499, 02114
1500, 02118
1501, 02114
1502, 02129
1503, 02130
1504, 02114
1505, 02114
1506, 02131
1507, 02131
1508, 02122
1509, 02122
1510, 02130
1511, 02130
1512, 02114
1513, 02114
1514, 02132
1515, 02114
1516, 02114
1517, 02125
1518, 02135
1519, 02114
1520, 02114
1521, 02124
1522, 02124
1523, MA 02135
1524, 02114
1525, 02124
1526, 02124
1527, 02128
1528, 02126
1529, 02126
1530, 02121
1531, 02114
1532, 02114
1533, 02131-4931
1534, 02114
1535, 02131-4931
1536, 02131-4931
1537, 02120
1538, 02108
1539, 02132
1540, 02114
1541, 02121
1542, 02125
1543, 02114
1544, 02114
1545, 02127
1546, 02114
1547, 02114
1548, 02114
1549, 02114
1550, 02122
1551, 02119
1552, 02114
1553, 02136
1554, 02121
1555, 02119
1556, 02132
1557, 02111
1558, 02111
1559, 02111
1560, 02131-4931
1561, 02124
1562, 02126
1563, 02126
1564, 02126
1565, 02118
1566, 02118
1567, 02114
1568, 02114
1569, 02114
1570, 02114
1571, 02026
1572, 02131
1573, 02114
1574, 02114
1575, 02114
1576, 02132
1577, 02126
1578, 02131
1579, 02119
1580, 02108
1581, 02129
1582, 02129
1583, 02108
1584, 02124
1585, 02114
1586, 02114
1587, 02114
1588, 02111
1589, 02132
1590, 02125
1591, 02118
1592, 02118
1593, 02114
1594, 02125
1595, 02124
1596, 02114
1597, 02114
1598, 02114
1599, 02136
1600, 02114
1601, 02114
1602, 02130
1603, 02114
1604, 02129
1605, MA 02135
1606, 02114
1607, 02114
1608, 02124
1609, 02114
1610, 02114
1611, 02124
1612, 02118
1613, 02114
1614, 02114
1615, 02114
1616, 02124
1617, 02124
1618, 02114
1619, 02118
1620, 02114
1621, 02124
1622, 02124
1623, 02124
1624, 02124
1625, 02131-4931
1626, 02114
1627, MA 02186
1628, 02125
1629, 02130
1630, 02130
1631, 02130
1632, 02119
1633, 02114
1634, 02114
1635, 02114
1636, 02114
1637, 02114
1638, 02114
1639, 02114
1640, 02114
1641, 02114
1642, 02124
1643, 02114
1644, 02114
1645, 02136-2460
1646, 02114
1647, 02131
1648, 02125
1649, 02114
1650, 02114
1651, 02114
1652, 02114
1653, 02129
1654, 02121
1655, 02136
1656, 02136
1657, 02136
1658, 02114
1659, 02114
1660, 02114
1661, 02114
1662, 02118
1663, 02114
1664, 02114
1665, 02114
1666, 02114
1667, 02122
1668, 02114
1669, 02114
1670, 02114
1671, 02114
1672, 02114
1673, 02114
1674, 02125
1675, 02125
1676, 02119
1677, 02125
1678, 02115
1679, 02115
1680, 02130
1681, 02124
1682, 02124
1683, 02114
1684, 02114
1685, 02125
1686, 02126
1687, 02131
1688, 02129
1689, 02118
1690, 02118
1691, 02114
1692, 02114
1693, 02125
1694, 02131-3025
1695, 02131-3025
1696, 02131-3025
1697, 02126
1698, 02215
1699, 02114
1700, 02134
1701, 02114
1702, 02131
1703, 02122
1704, 02128
1705, 02119
1706, 02114
1707, 02125
1708, 02114
1709, 02126
1710, 02130
1711, 02130
1712, 02130
1713, 02114
1714, 02124
1715, 02171
1716, 02171
1717, 02126
1718, 02125
1719, 02126
1720, 02114
1721, 02114
1722, 02114
1723, 02114
1724, 02121
1725, 02122
1726, 02122
1727, 02125
1728, 02119
1729, 02114
1730, 02134
1731, 02126
1732, 02125
1733, 02114
1734, 02152
1735, 02152
1736, 02152
1737, 02114
1738, 02114
1739, 02114
1740, 02114
1741, 02114
1742, 02114
1743, 02125
1744, 02130
1745, 02114
1746, 02114
1747, 02114
1748, 02130
1749, 02114
1750, 02114
1751, 02114
1752, 02114
1753, 02114
1754, 02128
1755, 02114
1756, 02121
1757, 02121
1758, 02114
1759, 02134
1760, 02114
1761, 02114
1762, 02130
1763, 02125
1764, 02114
1765, 02114
1766, 02127
1767, 02114
1768, 02136
1769, 02136
1770, 02136
1771, 02136
1772, 02127
1773, 02136-2460
1774, 02114
1775, 02114
1776, 02127
1777, 02114
1778, 02114
1779, 02114
1780, 02114
1781, 02130
1782, 02130
1783, 02114
1784, 02126
1785, 02121
1786, 02124
1787, 02124
1788, 02114
1789, 02114
1790, 02118
1791, 02114
1792, 02122
1793, 02114
1794, 02114
1795, 02114
1796, 02114
1797, 02126
1798, 02114
1799, 02114
1800, 02124
1801, 02114
1802, 02127
1803, 02131-4931
1804, 02131-4931
1805, 02129
1806, 02131-4931
1807, 02131-4931
1808, 02131-4931
1809, 02130
1810, 02114
1811, 02126
1812, 02126
1813, 02126
1814, 02114
1815, 02126
1816, 02126
1817, 02114
1818, 02114
1819, 02114
1820, 02114
1821, 02114
1822, 02114
1823, 02124
1824, 02124
1825, 02124
1826, 02128
1827, 02127
1828, 02131-3025
1829, 02126
1830, 02127
1831, 02119
1832, 02114
1833, 02122
1834, 02114
1835, 02130
1836, 02114
1837, 02114
1838, 02114
1839, 02114
1840, 02114
1841, 02114
1842, 02114
1843, 02114
1844, 02114
1845, 02126
1846, 02125
1847, 02125
1848, 02114
1849, 02114
1850, 02126
1851, 02114
1852, 02114
1853, 02114
1854, 02114
1855, 02114
1856, 02114
1857, 02114
1858, 02114
1859, 02114
1860, 02114
1861, 02114
1862, 02114
1863, 02114
1864, 02118
1865, 02114
1866, 02118
1867, 02124
1868, 02131-4931
1869, 02131-4931
1870, 02114
1871, 02124
1872, 02124
1873, 02114
1874, 02114
1875, 02114
1876, 02125
1877, 02111
1878, 02121
1879, 02114
1880, 02124
1881, 02114
1882, 02114
1883, 02127
1884, 02114
1885, 02111
1886, 02111
1887, 02111
1888, 02111
1889, 02114
1890, 02114
1891, 02114
1892, 02114
1893, 02114
1894, 02114
1895, 02130
1896, 02130
1897, 02130
1898, 02114
1899, 02114
1900, 02128
1901, 02126
1902, 02131-4931
1903, 02126
1904, 02114
1905, 02114
1906, 02121
1907, 02134
1908, 02134
1909, 02134
1910, 02130
1911, 02114
1912, 02136-2460
1913, 02114
1914, 02118
1915, 02114
1916, 02114
1917, 02114
1918, 02125
1919, 02125
1920, 02131-4931
1921, 02114
1922, 02124
1923, 02114
1924, 02114
1925, 02114
1926, 02114
1927, 02114
1928, 02114
1929, 02131-4931
1930, 02114
1931, 02114
1932, 02114
1933, 02118
1934, 02114
1935, 02114
1936, 02114
1937, 02114
1938, 02114
1939, 02125
1940, 02114
1941, 02125
1942, 02114
1943, 02130
1944, 02130
1945, 02130
1946, 02152
1947, 02152
1948, 02152
1949, 02152
1950, 02152
1951, 02114
1952, 02129
1953, 02136
1954, 02114
1955, 02114
1956, 02114
1957, 02136
1958, 02136
1959, 02131-4931
1960, 02131-4931
1961, 02131-4931
1962, 02114
1963, 02114
1964, 02114
1965, 02114
1966, 02171
1967, 02124
1968, 02114
1969, 02130
1970, 02126
1971, 02114
1972, 02119
1973, 02125
1974, 02124
1975, 02131
1976, 02134-1433
1977, 02134-1433
1978, 02134-1433
1979, 02114
1980, 02114
1981, 02114
1982, 02114
1983, 02131
1984, 02114
1985, 02114
1986, 02114
1987, 02114
1988, 02118
1989, 02118
1990, 02118
1991, 02114
1992, 02114
1993, 02124
1994, 02126
1995, 02130
1996, 02126
1997, 02114
1998, 02114
1999, 02114
2000, 02114
2001, 02114
2002, 02114
2003, 02124
2004, 02131-4931
2005, 02122
2006, 02124
2007, 02124
2008, 02114
2009, 02124
2010, 02114
2011, 02114
2012, 02114
2013, 02131-4931
2014, 02114
2015, 02114
2016, 02114
2017, 02114
2018, 02114
2019, 02114
2020, 02114
2021, 02114
2022, 02128
2023, 02118
2024, 02114
2025, 02124
2026, 02124
2027, 02118
2028, 02125
2029, 02114
2030, 02121
2031, 02119
2032, 02121
2033, MA 02135
2034, 02131-4931
2035, 02131-4931
2036, 02114
2037, 02114
2038, 02114
2039, 02114
2040, 02132
2041, 02114
2042, 02114
2043, 02114
2044, 02114
2045, 02114
2046, 02114
2047, 02114
2048, 02114
2049, 02114
2050, 02114
2051, 02114
2052, 02114
2053, 02122
2054, 02114
2055, 02114
2056, 02114
2057, 02131-4931
2058, 02129
2059, 02114
2060, 02435
2061, 02124
2062, 02114
2063, 02114
2064, 02121
2065, 02124
2066, 02121
2067, 02114
2068, 02125
2069, 02114
2070, MA 02186
2071, 02124
2072, 02130
2073, 02130
2074, 02116
2075, 02131
2076, 02131-3025
2077, 02131-3025
2078, 02114
2079, 02114
2080, 02115
2081, 02121
2082, 02114
2083, 02131-3025
2084, 02130
2085, 02130
2086, 02130
2087, 02130
2088, 02114
2089, 02114
2090, 02126
2091, 02129
2092, 02129
2093, 02126
2094, 02114
2095, 02121
2096, 02114
2097, 02114
2098, 02114
2099, 02114
2100, 02125
2101, 02114
2102, 02111
2103, 02119
2104, 02114
2105, 02114
2106, 02119
2107, 02114
2108, 02126
2109, 02131-4931
2110, 02131-4931
2111, 02127
2112, 02111
2113, 02128
2114, 02128
2115, 02128
2116, 02114
2117, 02126
2118, 02114
2119, 02114
2120, 02114
2121, 02114
2122, 02114
2123, 02114
2124, 02122
2125, 02114
2126, 02114
2127, 02114
2128, 02114
2129, 02114
2130, 02127
2131, 02130
2132, 02130
2133, 02130
2134, 02130
2135, 02130
2136, 02129
2137, 02114
2138, 02111
2139, 02114
2140, 02114
2141, 02114
2142, 02114
2143, 02124
2144, 02118
2145, 02118
2146, 02118
2147, 02114
2148, 02114
2149, 02114
2150, 02114
2151, 02125
2152, 02114
2153, 02114
2154, 02114
2155, 02114
2156, 02114
2157, 02114
2158, 02129
2159, 02114
2160, 02114
2161, 02114
2162, 02114
2163, 02129
2164, 02126
2165, 02126
2166, 02126
2167, 02130
2168, 02120
2169, 02114
2170, 02121
2171, 02114
2172, 02114
2173, 02114
2174, 02114
2175, 02125
2176, 02130
2177, 02130
2178, 02130
2179, 02130
2180, 02126
2181, 02125
2182, 02118
2183, 02118
2184, 02130
2185, 02114
2186, 02114
2187, 02134-1433
2188, 02134-1433
2189, 02114
2190, 02121
2191, 02114
2192, 02114
2193, 02126
2194, 02114
2195, 02131-4931
2196, 02114
2197, 02116
2198, 02116
2199, 02116
2200, 02125
2201, 02121
2202, 02121
2203, 02114
2204, 02124
2205, 02130
2206, 02124
2207, 02114
2208, 02114
2209, 02114
2210, 02114
2211, 02114
2212, 02114
2213, 02114
2214, 02125
2215, 02136
2216, 02136
2217, 02114
2218, 02114
2219, 02114
2220, 02114
2221, 02131-4931
2222, 02114
2223, 02114
2224, 02125
2225, 02114
2226, 02114
2227, 02114
2228, 02114
2229, 02114
2230, 02125
2231, 02125
2232, 02118
2233, 02136
2234, 02124
2235, 02114
2236, 02131
2237, 02114
2238, 02114
2239, 02114
2240, 02114
2241, 02126
2242, 02130
2243, 02114
2244, 02122
2245, 02125
2246, 02126
2247, 02126
2248, 02134-1433
2249, 02114
2250, 02114
2251, 02114
2252, 02114
2253, 02125
2254, 02125
2255, 02125
2256, 02121
2257, 02121
2258, 02114
2259, 02118
2260, 02114
2261, 02134
2262, 02114
2263, 02131
2264, 02131
2265, 02114
2266, 02114
2267, 02114
2268, 02124
2269, 02131-3025
2270, 02131-3025
2271, 02114
2272, 02114
2273, 02125
2274, 02114
2275, 02114
2276, 02124
2277, 02124
2278, 02131-4931
2279, 02114
2280, 02119
2281, 02136
2282, 02114
2283, 02114
2284, 02114
2285, 02114
2286, 02114
2287, 02114
2288, 02130
2289, 02114
2290, 02125
2291, 02114
2292, 02114
2293, 02114
2294, 02114
2295, 02124
2296, 02119
2297, 02119
2298, 02119
2299, 02122
2300, 02129
2301, 02129
2302, 02118
2303, 02126
2304, 02126
2305, 02126
2306, 02114
2307, 02114
2308, 02114
2309, 02118
2310, 02114
2311, 02131-4931
2312, 02114
2313, 02136
2314, 02124
2315, 02114
2316, 02114
2317, 02114
2318, MA 02186
2319, 02114
2320, 02131-3025
2321, 02114
2322, 02114
2323, 02114
2324, 02114
2325, 02115
2326, 02124
2327, 02114
2328, 02114
2329, 02114
2330, 02118
2331, 02125
2332, 02125
2333, 02125
2334, 02114
2335, 02114
2336, 02114
2337, 02126
2338, 02126
2339, 02126
2340, 02130
2341, 02131-3025
2342, 02114
2343, 02128
2344, 02119
2345, 02114
2346, 02124
2347, 02114
2348, 02114
2349, 02114
2350, 02124
2351, 02114
2352, 02114
2353, 02114
2354, 02114
2355, 02121
2356, 02121
2357, 02114
2358, 02125
2359, 02131-4931
2360, 02119
2361, 02119
2362, 02125
2363, 02114
2364, 02130
2365, 02114
2366, 02114
2367, 02126
2368, 02114
2369, 02114
2370, 02124
2371, 02118
2372, 02114
2373, 02114
2374, 02126
2375, 02114
2376, 02125
2377, 02125
2378, 02125
2379, 02135
2380, 02114
2381, 02114
2382, 02132-3226
2383, 02126
2384, 02126
2385, 02114
2386, 02114
2387, 02114
2388, 02119
2389, 02119
2390, 02124
2391, 02114
2392, 02114
2393, 02114
2394, 02114
2395, 02114
2396, 02124
2397, 02132
2398, 02131-3025
2399, 02122
2400, 02134
2401, 02152
2402, 02152
2403, 02114
2404, 02114
2405, 02119
2406, 02114
2407, 02114
2408, 02114
2409, 02114
2410, 02114
2411, 02114
2412, 02114
2413, 02131
2414, 02114
2415, 02114
2416, 02114
2417, 02126
2418, 02130
2419, 02114
2420, 02114
2421, 02124
2422, 02124
2423, 02114
2424, 02114
2425, 02114
2426, 02114
2427, 02114
2428, 02124
2429, 02127
2430, 02124
2431, 02124
2432, 02124
2433, 02124
2434, 02114
2435, 02114
2436, 02114
2437, 02114
2438, 02124
2439, 02122
2440, 02114
2441, 02114
2442, 02124
2443, 02126
2444, 02126
2445, 02114
2446, 02118
2447, 02114
2448, 02114
2449, 02126
2450, 02125
2451, 02130
2452, 02114
2453, 02129
2454, 02114
2455, 02114
2456, 02114
2457, 02130
2458, 02130
2459, 02130
2460, 02130
2461, 02114
2462, 02126
2463, 02114
2464, 02131-4931
2465, 02126
2466, 02126
2467, 02126
2468, 02125
2469, 02125
2470, 02114
2471, 02114
2472, 02131-4931
2473, 02124
2474, 02124
2475, 02125
2476, 02125
2477, 02125
2478, 02125
2479, 02125
2480, 02125
2481, 02136
2482, 02114
2483, 02114
2484, 02114
2485, 02114
2486, 02114
2487, 02114
2488, 02114
2489, 02126
2490, 02126
2491, 02114
2492, 02114
2493, 02114
2494, 02114
2495, 02114
2496, 02114
2497, 02126
2498, 02114
2499, 02136
2500, 02136
2501, 02114
2502, 02136
2503, 02136
2504, 02121
2505, 02128
2506, 02128
2507, 02125
2508, 02114
2509, 02114
2510, 02125
2511, 02125
2512, 02125
2513, 02131-3025
2514, 02128
2515, 02128
2516, 02128
2517, 02128
2518, 02127
2519, 02118
2520, 02118
2521, 02114
2522, 02114
2523, 02114
2524, 02118
2525, 02118
2526, 02114
2527, 02114
2528, 02114
2529, 02114
2530, 02114
2531, 02131
2532, 02114
2533, 02114
2534, 02126
2535, 02118
2536, 02118
2537, 02130
2538, 02130
2539, 02114
2540, 02114
2541, 02114
2542, 02124
2543, 02124
2544, 02120
2545, 02120
2546, 02114
2547, 02121
2548, 02130
2549, 02126
2550, 02114
2551, 02114
2552, 02128
2553, 02128
2554, 02124
2555, 02124
2556, 02114
2557, 02130
2558, 02114
2559, 02114
2560, 02116
2561, 02114
2562, 02124
2563, 02124
2564, 02122
2565, 02122
2566, 02114
2567, 02114
2568, 02114
2569, 02136
2570, 02130
2571, 02114
2572, 02125
2573, 02121
2574, 02124
2575, 02114
2576, 02114
2577, 02125
2578, 02114
2579, 02125
2580, 02125
2581, 02114
2582, 02114
2583, MA 02135
2584, 02114
2585, 02126
2586, 02126
2587, 02114
2588, 02136
2589, 02126
2590, 02119
2591, 02114
2592, 02114
2593, 02114
2594, 02114
2595, 02121
2596, MA 02186
2597, MA 02186
2598, MA 02186
2599, 02114
2600, 02124
2601, 02114
2602, 02114
2603, 02114
2604, 02118
2605, 02134
2606, 02114
2607, 02114
2608, 02119
2609, 02114
2610, 02114
2611, 02114
2612, 02114
2613, 02114
2614, 02114
2615, 02114
2616, 02119
2617, 02114
2618, 02131-4931
2619, 02121
2620, 02136
2621, 02136
2622, 02136
2623, 02136
2624, 02125
2625, 02118
2626, 02118
2627, 02125
2628, 02111
2629, 02127
2630, 02118
2631, 02131
2632, 02132
2633, 02131-4931
2634, 02121
2635, 02114
2636, 02114
2637, 02118
2638, 02136
2639, 02114
2640, 02131-4931
2641, 02131-4931
2642, 02126
2643, 02121
2644, 02114
2645, 02114
2646, 02134-1433
2647, 02122
2648, 02122
2649, 02114
2650, 02114
2651, 02124
2652, 02114
2653, 02128
2654, 02114
2655, 02114
2656, 02114
2657, 02114
2658, 02114
2659, 02114
2660, 02136-2460
2661, 02128
2662, 02114
2663, 02136
2664, 02114
2665, 02114
2666, MA 02186
2667, MA 02186
2668, 02152
2669, 02114
2670, 02114
2671, 02114
2672, 02119
2673, 02125
2674, 02114
2675, 02124
2676, 02124
2677, 02114
2678, 02130
2679, 02163
2680, 02134
2681, 02114
2682, 02114
2683, 02114
2684, 02121
2685, 02114
2686, 02114
2687, 02114
2688, 02131-4931
2689, 02131-4931
2690, 02131
2691, 02114
2692, 02114
2693, 02114
2694, 02125
2695, 02130
2696, 02114
2697, 02131-4931
2698, 02131-4931
2699, 02136
2700, 02114
2701, 02114
2702, 02114
2703, 02114
2704, 02125
2705, 02114
2706, 02114
2707, 02114
2708, 02114
2709, 02114
2710, 02114
2711, 02114
2712, 02120
2713, 02114
2714, 02114
2715, 02129
2716, 02111
2717, 02114
2718, 02131-4931
2719, 02114
2720, 02114
2721, 02125
2722, 02131-4931
2723, 02124
2724, 02114
2725, 02132
2726, 02132
2727, 02129
2728, 02129
2729, 02114
2730, 02126
2731, 02126
2732, 02114
2733, 02125
2734, 02125
2735, 02114
2736, 02114
2737, 02114
2738, 02114
2739, 02114
2740, 02122
2741, 02126
2742, 02114
2743, 02114
2744, 02124
2745, 02125
2746, 02125
2747, 02126
2748, 02114
2749, 02119
2750, 02119
2751, 02114
2752, 02119
2753, 02114
2754, 02128
2755, 02114
2756, 02114
2757, 02114
2758, 02115
2759, 02115
2760, 02114
2761, 02114
2762, 02121
2763, 02114
2764, 02114
2765, 02114
2766, 02114
2767, 02114
2768, 02114
2769, 02114
2770, 02114
2771, 02114
2772, 02114
2773, 02114
2774, MA 02135
2775, 02114
2776, 02114
2777, 02114
2778, 02125
2779, 02124
2780, 02114
2781, 02114
2782, 02119
2783, 02124
2784, 02114
2785, 02114
2786, 02131
2787, 02121
2788, 02114
2789, 02114
2790, 02114
2791, 02136
2792, 02136
2793, 02131-4931
2794, 02130
2795, 02114
2796, 02114
2797, 02125
2798, 02121
2799, 02121
2800, 02114
2801, 02114
2802, 02130-4803
2803, 02114
2804, 02114
2805, 02114
2806, 02114
2807, 02114
2808, 02114
2809, 02114
2810, 02131-4931
2811, 02131-4931
2812, 02131-4931
2813, 02131-4931
2814, 02114
2815, 02114
2816, 02114
2817, 02114
2818, 02122
2819, 02114
2820, 02114
2821, 02114
2822, 02130
2823, 02132
2824, 02114
2825, 02114
2826, 02114
2827, 02114
2828, 02114
2829, 02121
2830, 02114
2831, 02114
2832, 02119
2833, 02114
2834, 02119
2835, 02120
2836, 02114
2837, 02124
2838, 02136
2839, 02130
2840, 02119
2841, 02114
2842, 02114
2843, 02128
2844, 02128
2845, 02114
2846, 02118
2847, 02124
2848, MA 02135
2849, 02114
2850, 02114
2851, 02114
2852, 02114
2853, 02124
2854, 02124
2855, 02134
2856, 02134
2857, 02114
2858, 02126
2859, 02135
2860, 02114
2861, 02114
2862, 02114
2863, 02124
2864, 02114
2865, 02114
2866, 02114
2867, 02114
2868, 02126
2869, 02114
2870, 02114
2871, 02114
2872, 02114
2873, 02127
2874, 02114
2875, 02114
2876, 02114
2877, 02114
2878, 02131-4931
2879, 02125
2880, 02125
2881, 02125
2882, 02114
2883, 02114
2884, 02130
2885, 02125
2886, 02124
2887, 02124
2888, 02114
2889, 02131-4931
2890, 02114
2891, 02114
2892, 02132
2893, 02124
2894, 02125
2895, 02134
2896, 02134
2897, 02125
2898, 02114
2899, 02114
2900, 02136
2901, 02114
2902, 02126
2903, 02114
2904, 02125
2905, 02124
2906, 02124
2907, 02126
2908, 02114
2909, 02119
2910, 02130
2911, 02122
2912, 02132
2913, 02132
2914, 02114
2915, 02114
2916, 02114
2917, 02114
2918, 02134-1322
2919, 02134-1322
2920, 02125
2921, 02122
2922, 02125
2923, 02125
2924, 02114
2925, 02122
2926, 02114
2927, 02128
2928, 02114
2929, 02131-4931
2930, 02119
2931, 02124
2932, 02118
2933, 02114
2934, 02114
2935, 02114
2936, 02122
2937, 02124
2938, 02124
2939, 02124
2940, 02124
2941, 02124
2942, 02130
2943, 02130
2944, 02130
2945, 02131
2946, 02125
2947, 02114
2948, 02114
2949, 02118
2950, 02136
2951, 02114
2952, 02114
2953, 02114
2954, 02118
2955, 02114
2956, 02114
2957, 02114
2958, 02114
2959, 02114
2960, 02114
2961, 02114
2962, 02121
2963, 02114
2964, 02136-2460
2965, 02125
2966, 02114
2967, 02125
2968, 02125
2969, 02125
2970, 02114
2971, 02114
2972, 02114
2973, 02114
2974, 02131-4931
2975, 02122
2976, 02124
2977, 02125
2978, 02136-2460
2979, 02131
2980, 02114
2981, 02126
2982, 02114
2983, 02121
2984, 02121
2985, 02135
2986, 02129
2987, 02126
2988, 02122
2989, 02122
2990, 02122
2991, 02120
2992, 02126
2993, 02114
2994, 02114
2995, 02131-4931
2996, 02122
2997, 02122
2998, 02114
2999, 02136
3000, 02114
3001, 02114
3002, 02114
3003, 02132-1239
3004, 02121
3005, 02121
3006, 02114
3007, 02114
3008, 02114
3009, 02114
3010, 02125
3011, 02111
3012, 02125
3013, 02121
3014, 02114
3015, 02114
3016, 02114
3017, 02136
3018, 02114
3019, 02124
3020, 02118
3021, 02125
3022, 02125
3023, 02114
3024, 02118
3025, 02114
3026, 02114
3027, 02118
3028, 02118
3029, 02119
3030, 02134-1433
3031, 02131-4931
3032, 02121
3033, 02114
3034, 02114
3035, 02114
3036, 02114
3037, 02114
3038, 02125
3039, 02130
3040, 02130
3041, 02130
3042, 02118
3043, 02118
3044, 02114
3045, 02114
3046, 02114
3047, 02114
3048, 02114
