GEO.id,GEO.id2,GEO.display-label,HD01_VD01,HD02_VD01,HD01_VD02,HD02_VD02,HD01_VD03,HD02_VD03,HD01_VD04,HD02_VD04,HD01_VD05,HD02_VD05,HD01_VD06,HD02_VD06,HD01_VD07,HD02_VD07,HD01_VD08,HD02_VD08,HD01_VD09,HD02_VD09,HD01_VD10,HD02_VD10
8600000US01001,1001,ZCTA5 01001,17423,582,15974,680,256,180,5,11,703,386,24,39,277,205,184,126,63,101,121,81
8600000US01002,1002,ZCTA5 01002,29970,541,23459,711,1711,427,140,98,3502,398,17,25,230,137,911,248,148,126,763,206
8600000US01003,1003,ZCTA5 01003,11296,508,8698,470,660,156,30,35,1538,263,0,19,130,69,240,80,7,14,233,80
8600000US01005,1005,ZCTA5 01005,5228,185,5063,219,105,81,0,17,32,36,18,29,2,6,8,15,3,9,5,13
8600000US01007,1007,ZCTA5 01007,14888,24,13906,334,125,109,0,19,443,216,0,19,34,40,380,237,0,19,380,237
8600000US01008,1008,ZCTA5 01008,1194,118,1182,119,0,12,0,12,7,10,0,12,0,12,5,9,0,12,5,9
8600000US01009,1009,ZCTA5 01009,237,120,237,120,0,12,0,12,0,12,0,12,0,12,0,12,0,12,0,12
8600000US01010,1010,ZCTA5 01010,3718,30,3703,33,9,14,0,12,6,10,0,12,0,12,0,12,0,12,0,12
8600000US01011,1011,ZCTA5 01011,1523,180,1462,175,15,18,0,12,11,16,0,12,18,22,17,14,0,12,17,14
8600000US01012,1012,ZCTA5 01012,528,98,520,100,0,12,0,12,0,12,2,6,0,12,6,9,0,12,6,9
8600000US01013,1013,ZCTA5 01013,22943,831,19344,1072,808,290,28,42,524,373,0,22,1919,450,320,193,124,151,196,108
8600000US01020,1020,ZCTA5 01020,30629,907,27211,1089,957,423,58,55,385,204,0,25,1207,651,811,377,185,209,626,318
8600000US01022,1022,ZCTA5 01022,2528,457,1848,316,414,204,0,12,45,62,0,12,57,100,164,159,30,70,134,155
8600000US01026,1026,ZCTA5 01026,1018,110,974,104,33,37,0,12,0,12,0,12,0,12,11,14,0,12,11,14
8600000US01027,1027,ZCTA5 01027,17872,108,16675,359,326,227,3,5,240,174,0,19,252,205,376,161,93,75,283,145
8600000US01028,1028,ZCTA5 01028,16063,26,14485,544,981,449,26,35,328,205,0,19,39,39,204,115,12,18,192,112
8600000US01029,1029,ZCTA5 01029,760,164,746,162,7,10,0,12,0,12,0,12,0,12,7,9,0,12,7,9
8600000US01030,1030,ZCTA5 01030,11278,579,10824,611,195,156,6,9,209,119,0,19,9,15,35,31,0,19,35,31
8600000US01031,1031,ZCTA5 01031,1192,200,1161,199,8,11,0,12,0,12,0,12,0,12,23,26,0,12,23,26
8600000US01032,1032,ZCTA5 01032,590,132,586,132,0,12,0,12,4,6,0,12,0,12,0,12,0,12,0,12
8600000US01033,1033,ZCTA5 01033,6310,28,6172,127,0,17,0,17,18,27,0,17,60,93,60,79,0,17,60,79
8600000US01034,1034,ZCTA5 01034,2323,190,2278,190,2,3,2,3,7,6,0,12,5,7,29,26,0,12,29,26
8600000US01035,1035,ZCTA5 01035,5338,19,5001,159,121,83,20,31,119,92,0,17,34,35,43,49,0,17,43,49
8600000US01036,1036,ZCTA5 01036,5190,24,5143,44,10,16,0,17,26,31,0,17,0,17,11,14,0,17,11,14
8600000US01037,1037,ZCTA5 01037,755,157,692,167,12,27,0,12,0,12,0,12,31,50,20,43,20,43,0,12
8600000US01038,1038,ZCTA5 01038,2853,119,2787,130,21,20,0,12,36,37,0,12,0,12,9,15,0,12,9,15
8600000US01039,1039,ZCTA5 01039,1194,178,1170,177,6,10,0,12,0,12,0,12,10,15,8,11,8,11,0,12
8600000US01040,1040,ZCTA5 01040,40280,40,33779,878,1780,393,228,152,747,385,26,41,2846,713,874,254,321,133,553,217
8600000US01050,1050,ZCTA5 01050,2343,210,2192,220,95,101,4,6,0,12,4,8,4,6,44,42,0,12,44,42
8600000US01053,1053,ZCTA5 01053,1697,272,1579,245,62,82,0,12,15,24,0,12,21,31,20,18,14,17,6,9
8600000US01054,1054,ZCTA5 01054,1972,131,1900,133,15,17,3,6,22,18,0,12,0,12,32,21,0,12,32,21
8600000US01056,1056,ZCTA5 01056,21352,41,20079,355,251,103,23,30,290,206,18,29,493,225,198,111,0,22,198,111
8600000US01057,1057,ZCTA5 01057,8773,133,8471,194,26,40,0,17,79,86,0,17,29,44,168,92,18,20,150,87
8600000US01060,1060,ZCTA5 01060,15407,571,13290,583,548,205,23,22,813,216,0,19,276,182,457,163,157,133,300,119
8600000US01062,1062,ZCTA5 01062,10867,553,9520,561,153,66,6,9,676,307,0,19,158,101,354,152,20,32,334,144
8600000US01063,1063,ZCTA5 01063,563,153,387,132,23,19,0,12,107,62,0,12,6,11,40,34,7,14,33,31
8600000US01066,1066,ZCTA5 01066,12,18,12,18,0,12,0,12,0,12,0,12,0,12,0,12,0,12,0,12
8600000US01068,1068,ZCTA5 01068,1825,96,1788,98,4,5,11,11,5,6,0,12,0,12,17,17,0,12,17,17
8600000US01069,1069,ZCTA5 01069,8753,380,8569,399,125,121,0,17,6,16,0,17,0,17,53,77,0,17,53,77
8600000US01070,1070,ZCTA5 01070,562,70,518,67,3,4,1,2,14,14,0,12,6,9,20,13,0,12,20,13
8600000US01071,1071,ZCTA5 01071,1271,150,1220,144,11,8,5,8,8,10,0,12,0,12,27,21,1,3,26,20
8600000US01072,1072,ZCTA5 01072,1542,142,1434,124,13,12,8,8,9,13,0,12,6,8,72,44,3,5,69,44
8600000US01073,1073,ZCTA5 01073,6081,21,6004,75,0,17,0,17,62,68,0,17,0,17,15,25,0,17,15,25
8600000US01074,1074,ZCTA5 01074,228,179,228,179,0,12,0,12,0,12,0,12,0,12,0,12,0,12,0,12
8600000US01075,1075,ZCTA5 01075,17770,33,15875,306,562,167,22,33,668,159,0,19,109,68,534,193,53,49,481,171
8600000US01077,1077,ZCTA5 01077,9650,48,9255,230,1,5,0,17,158,94,0,17,0,17,236,188,0,17,236,188
8600000US01079,1079,ZCTA5 01079,811,262,811,262,0,12,0,12,0,12,0,12,0,12,0,12,0,12,0,12
8600000US01080,1080,ZCTA5 01080,2452,334,2194,321,53,45,0,12,0,12,0,12,0,12,205,191,14,19,191,177
8600000US01081,1081,ZCTA5 01081,1823,235,1805,237,2,4,0,12,0,12,0,12,4,5,12,15,0,12,12,15
8600000US01082,1082,ZCTA5 01082,10612,154,10105,273,72,49,11,18,50,46,39,43,24,27,311,199,26,41,285,200
8600000US01083,1083,ZCTA5 01083,3148,558,3004,569,0,12,0,12,132,194,0,12,0,12,12,22,12,22,0,12
8600000US01084,1084,ZCTA5 01084,154,47,154,47,0,12,0,12,0,12,0,12,0,12,0,12,0,12,0,12
8600000US01085,1085,ZCTA5 01085,41479,200,38721,627,689,384,47,67,935,430,39,54,440,209,608,227,113,149,495,179
8600000US01086,1086,ZCTA5 01086,690,183,637,178,53,51,0,12,0,12,0,12,0,12,0,12,0,12,0,12
8600000US01088,1088,ZCTA5 01088,433,119,402,119,23,35,0,12,0,12,0,12,0,12,8,14,0,12,8,14
8600000US01089,1089,ZCTA5 01089,28575,27,24395,783,811,356,200,166,1358,481,0,22,1324,605,487,163,77,50,410,154
8600000US01092,1092,ZCTA5 01092,1191,462,1189,462,2,5,0,12,0,12,0,12,0,12,0,12,0,12,0,12
8600000US01093,1093,ZCTA5 01093,289,92,284,93,0,12,0,12,0,12,0,12,0,12,5,8,0,12,5,8
8600000US01094,1094,ZCTA5 01094,347,95,347,95,0,12,0,12,0,12,0,12,0,12,0,12,0,12,0,12
8600000US01095,1095,ZCTA5 01095,14569,46,13667,404,382,209,0,19,121,131,0,19,47,47,352,315,0,19,352,315
8600000US01096,1096,ZCTA5 01096,2564,254,2535,252,0,12,0,12,9,16,10,18,0,12,10,13,0,12,10,13
8600000US01097,1097,ZCTA5 01097,78,78,70,70,0,12,0,12,0,12,0,12,0,12,8,13,0,12,8,13
8600000US01098,1098,ZCTA5 01098,1117,115,1070,111,5,7,0,12,9,8,3,5,8,10,22,19,9,13,13,13
8600000US01103,1103,ZCTA5 01103,2430,312,1303,316,373,129,5,9,66,50,0,12,619,221,64,58,5,8,59,58
8600000US01104,1104,ZCTA5 01104,23183,872,13649,1114,2185,458,47,53,417,266,5,9,5959,1173,921,487,74,49,847,484
8600000US01105,1105,ZCTA5 01105,11576,814,5041,731,2589,447,193,231,32,25,0,19,3236,587,485,237,307,221,178,97
8600000US01106,1106,ZCTA5 01106,15983,86,14462,322,155,79,6,10,955,294,0,19,59,66,346,159,29,34,317,153
8600000US01107,1107,ZCTA5 01107,11474,753,6822,702,1507,379,156,147,41,43,0,19,2603,539,345,196,158,156,187,151
8600000US01108,1108,ZCTA5 01108,28449,1197,16866,1272,5219,807,254,158,1365,478,33,59,3374,790,1338,515,177,126,1161,507
8600000US01109,1109,ZCTA5 01109,30139,1143,12657,942,11455,992,67,63,241,114,0,25,4146,921,1573,405,349,178,1224,347
8600000US01118,1118,ZCTA5 01118,14293,830,10869,733,1961,546,87,79,542,252,0,19,383,200,451,166,164,103,287,136
8600000US01119,1119,ZCTA5 01119,13091,790,8782,544,3090,577,25,37,192,112,0,19,715,417,287,195,12,20,275,193
8600000US01128,1128,ZCTA5 01128,2695,307,2037,245,446,204,13,21,13,15,0,12,22,25,164,100,10,20,154,94
8600000US01129,1129,ZCTA5 01129,7220,476,5282,417,1331,341,8,13,100,104,0,17,222,190,277,120,42,50,235,111
8600000US01151,1151,ZCTA5 01151,9295,735,5904,611,2130,451,0,17,158,145,8,15,617,344,478,313,48,53,430,309
8600000US01199,1199,ZCTA5 01199,0,12,0,12,0,12,0,12,0,12,0,12,0,12,0,12,0,12,0,12
8600000US01201,1201,ZCTA5 01201,45001,249,39647,524,2107,352,99,61,880,219,14,28,842,325,1412,304,163,102,1249,289
8600000US01220,1220,ZCTA5 01220,8266,32,8020,134,38,57,6,9,20,21,0,17,47,37,135,76,11,17,124,72
8600000US01222,1222,ZCTA5 01222,829,220,829,220,0,12,0,12,0,12,0,12,0,12,0,12,0,12,0,12
8600000US01223,1223,ZCTA5 01223,2247,176,2156,165,30,24,4,7,5,6,0,12,22,22,30,22,0,12,30,22
8600000US01224,1224,ZCTA5 01224,176,88,166,88,0,12,0,12,10,16,0,12,0,12,0,12,0,12,0,12
8600000US01225,1225,ZCTA5 01225,3192,21,3183,27,0,12,0,12,0,12,0,12,0,12,9,13,0,12,9,13
8600000US01226,1226,ZCTA5 01226,6885,98,6664,157,23,31,34,40,89,95,0,17,11,15,64,77,26,43,38,59
8600000US01229,1229,ZCTA5 01229,102,69,94,68,0,12,0,12,0,12,0,12,0,12,8,12,0,12,8,12
8600000US01230,1230,ZCTA5 01230,8195,361,7083,494,202,93,11,20,144,93,6,8,386,244,363,209,55,58,308,201
8600000US01235,1235,ZCTA5 01235,2666,220,2582,222,20,23,7,8,3,4,0,12,10,11,44,25,8,7,36,23
8600000US01236,1236,ZCTA5 01236,1422,325,1253,309,71,76,0,12,18,29,0,12,8,17,72,94,0,12,72,94
8600000US01237,1237,ZCTA5 01237,2755,259,2657,259,66,62,0,12,2,3,0,12,5,9,25,24,8,11,17,22
8600000US01238,1238,ZCTA5 01238,5950,350,5609,335,72,61,0,17,139,117,0,17,128,111,2,3,0,17,2,3
8600000US01240,1240,ZCTA5 01240,4592,231,4419,262,57,37,0,12,95,80,0,12,0,12,21,23,0,12,21,23
8600000US01242,1242,ZCTA5 01242,429,229,428,230,0,12,0,12,0,12,0,12,0,12,1,2,0,12,1,2
8600000US01243,1243,ZCTA5 01243,381,97,362,91,0,12,16,27,3,5,0,12,0,12,0,12,0,12,0,12
8600000US01244,1244,ZCTA5 01244,82,46,82,46,0,12,0,12,0,12,0,12,0,12,0,12,0,12,0,12
8600000US01245,1245,ZCTA5 01245,870,112,829,103,13,25,0,12,3,6,0,12,11,12,14,25,10,24,4,5
8600000US01247,1247,ZCTA5 01247,15725,129,14646,329,175,76,39,42,30,23,21,30,103,98,711,294,86,81,625,278
8600000US01253,1253,ZCTA5 01253,734,136,729,138,0,12,0,12,0,12,0,12,0,12,5,6,0,12,5,6
8600000US01254,1254,ZCTA5 01254,985,109,921,101,14,17,6,5,24,20,0,12,0,12,20,14,0,12,20,14
8600000US01255,1255,ZCTA5 01255,869,97,824,99,3,4,0,12,16,16,0,12,9,9,17,16,2,3,15,14
8600000US01256,1256,ZCTA5 01256,764,80,670,67,56,48,0,12,0,12,0,12,2,3,36,29,0,12,36,29
8600000US01257,1257,ZCTA5 01257,2164,234,2137,236,12,17,0,12,0,12,0,12,15,23,0,12,0,12,0,12
8600000US01258,1258,ZCTA5 01258,359,84,346,86,0,12,5,6,1,3,5,6,2,5,0,12,0,12,0,12
8600000US01259,1259,ZCTA5 01259,556,88,547,86,7,9,0,12,0,12,0,12,0,12,2,5,0,12,2,5
8600000US01260,1260,ZCTA5 01260,545,364,545,364,0,12,0,12,0,12,0,12,0,12,0,12,0,12,0,12
8600000US01262,1262,ZCTA5 01262,1196,227,1064,207,34,34,0,12,5,11,0,12,12,15,81,109,0,12,81,109
8600000US01264,1264,ZCTA5 01264,161,49,161,49,0,12,0,12,0,12,0,12,0,12,0,12,0,12,0,12
8600000US01266,1266,ZCTA5 01266,1380,166,1274,152,0,12,28,34,31,38,4,6,14,26,29,28,0,12,29,28
8600000US01267,1267,ZCTA5 01267,7846,67,6501,221,398,129,60,57,417,104,0,17,166,71,304,128,10,12,294,128
8600000US01270,1270,ZCTA5 01270,814,98,798,96,0,12,0,12,14,16,0,12,2,5,0,12,0,12,0,12
8600000US01301,1301,ZCTA5 01301,17730,52,16414,289,331,134,0,19,187,79,0,19,290,128,508,170,133,87,375,139
8600000US01330,1330,ZCTA5 01330,1468,156,1417,149,4,8,0,12,9,12,0,12,0,12,38,30,0,12,38,30
8600000US01331,1331,ZCTA5 01331,13205,134,12333,410,83,54,11,17,114,80,0,19,462,376,202,108,34,39,168,98
8600000US01337,1337,ZCTA5 01337,2598,172,2529,170,10,10,0,12,41,45,0,12,6,8,12,13,0,12,12,13
8600000US01338,1338,ZCTA5 01338,138,59,138,59,0,12,0,12,0,12,0,12,0,12,0,12,0,12,0,12
8600000US01339,1339,ZCTA5 01339,1461,135,1414,136,9,16,0,12,29,25,0,12,2,3,7,8,0,12,7,8
8600000US01340,1340,ZCTA5 01340,1689,168,1615,168,8,10,5,6,30,35,0,12,2,4,29,34,0,12,29,34
8600000US01341,1341,ZCTA5 01341,1716,188,1704,186,0,12,0,12,1,2,0,12,8,12,3,4,0,12,3,4
8600000US01342,1342,ZCTA5 01342,1768,312,1482,345,69,60,0,12,81,78,0,12,5,9,131,139,0,12,131,139
8600000US01343,1343,ZCTA5 01343,46,23,46,23,0,12,0,12,0,12,0,12,0,12,0,12,0,12,0,12
8600000US01344,1344,ZCTA5 01344,1582,142,1487,143,29,38,0,12,13,14,0,12,4,6,49,30,0,12,49,30
8600000US01346,1346,ZCTA5 01346,465,80,450,78,0,12,1,2,2,3,0,12,5,10,7,11,0,12,7,11
8600000US01347,1347,ZCTA5 01347,133,62,133,62,0,12,0,12,0,12,0,12,0,12,0,12,0,12,0,12
8600000US01349,1349,ZCTA5 01349,1106,277,1059,272,8,10,16,22,0,12,0,12,0,12,23,29,3,4,20,29
8600000US01350,1350,ZCTA5 01350,95,28,94,27,0,12,0,12,0,12,0,12,0,12,1,2,0,12,1,2
8600000US01351,1351,ZCTA5 01351,2312,289,2233,289,1,3,16,21,11,18,0,12,0,12,51,51,0,12,51,51
8600000US01354,1354,ZCTA5 01354,1656,236,1517,219,47,105,0,12,14,16,0,12,45,104,33,53,0,12,33,53
8600000US01355,1355,ZCTA5 01355,915,88,905,90,0,12,0,12,0,12,0,12,0,12,10,9,0,12,10,9
8600000US01360,1360,ZCTA5 01360,3006,18,2920,63,12,14,0,12,44,66,0,12,7,12,23,22,16,24,7,13
8600000US01364,1364,ZCTA5 01364,7832,46,7622,116,17,21,30,31,50,66,0,17,0,17,113,62,33,37,80,49
8600000US01366,1366,ZCTA5 01366,1202,148,1173,135,8,10,0,12,2,3,0,12,0,12,19,37,16,36,3,4
8600000US01367,1367,ZCTA5 01367,686,129,674,124,1,3,0,12,0,12,0,12,3,4,8,9,0,12,8,9
8600000US01368,1368,ZCTA5 01368,1363,185,1345,185,2,5,9,15,5,7,0,12,0,12,2,5,0,12,2,5
8600000US01370,1370,ZCTA5 01370,3879,229,3691,210,11,12,17,23,86,78,0,12,2,4,72,48,6,9,66,48
8600000US01373,1373,ZCTA5 01373,4184,330,4016,351,16,25,12,17,42,48,0,12,23,33,75,57,9,15,66,54
8600000US01375,1375,ZCTA5 01375,3673,16,3074,220,126,107,22,26,292,193,59,83,70,82,30,33,0,12,30,33
8600000US01376,1376,ZCTA5 01376,5101,275,4410,322,145,127,33,39,166,176,0,17,23,29,324,141,56,69,268,99
8600000US01378,1378,ZCTA5 01378,734,91,711,90,0,12,4,5,8,10,0,12,2,3,9,10,0,12,9,10
8600000US01379,1379,ZCTA5 01379,775,87,737,90,12,16,6,8,6,11,0,12,1,2,13,11,2,3,11,10
8600000US01420,1420,ZCTA5 01420,40441,31,32601,1306,1558,435,110,80,1830,562,0,25,2824,907,1518,366,231,108,1287,340
8600000US01430,1430,ZCTA5 01430,6171,35,5974,132,59,53,0,17,9,18,0,17,31,40,98,104,0,17,98,104
8600000US01431,1431,ZCTA5 01431,3196,17,3129,40,18,17,1,3,33,28,0,12,15,22,0,12,0,12,0,12
8600000US01432,1432,ZCTA5 01432,7594,403,6635,481,295,215,0,17,408,95,0,17,20,35,236,165,12,20,224,164
8600000US01434,1434,ZCTA5 01434,1716,461,1154,439,357,109,24,31,57,43,0,12,51,50,73,54,0,12,73,54
8600000US01436,1436,ZCTA5 01436,3823,474,3760,495,4,6,0,12,0,12,0,12,27,44,32,59,0,12,32,59
8600000US01438,1438,ZCTA5 01438,635,328,634,329,1,2,0,12,0,12,0,12,0,12,0,12,0,12,0,12
8600000US01440,1440,ZCTA5 01440,20334,68,18747,371,391,133,59,64,169,102,0,22,420,251,548,200,79,58,469,199
8600000US01450,1450,ZCTA5 01450,11182,21,10399,291,53,62,6,10,525,249,0,19,11,23,188,119,0,19,188,119
8600000US01451,1451,ZCTA5 01451,4629,269,4271,318,108,138,8,12,153,113,0,12,7,11,82,60,0,12,82,60
8600000US01452,1452,ZCTA5 01452,4537,36,4359,196,131,185,0,12,18,23,0,12,0,12,29,35,0,12,29,35
8600000US01453,1453,ZCTA5 01453,41336,60,34961,809,1815,392,58,52,1037,340,0,25,2367,611,1098,329,143,96,955,331
8600000US01460,1460,ZCTA5 01460,9538,26,8587,248,56,47,10,16,591,213,0,17,0,17,294,149,14,15,280,148
8600000US01462,1462,ZCTA5 01462,11087,53,10271,331,278,218,0,19,243,154,0,19,70,72,225,136,33,36,192,132
8600000US01463,1463,ZCTA5 01463,12031,20,11394,225,137,115,0,19,206,127,0,19,51,57,243,183,28,44,215,183
8600000US01464,1464,ZCTA5 01464,7433,17,5255,403,685,202,3,6,276,269,15,24,576,176,623,270,81,74,542,261
8600000US01467,1467,ZCTA5 01467,560,228,523,233,0,12,0,12,13,21,0,12,0,12,24,38,0,12,24,38
8600000US01468,1468,ZCTA5 01468,3704,502,3662,508,0,12,16,25,26,41,0,12,0,12,0,12,0,12,0,12
8600000US01469,1469,ZCTA5 01469,7430,292,7149,331,26,30,18,27,23,23,0,17,117,130,97,70,0,17,97,70
8600000US01473,1473,ZCTA5 01473,7480,16,7281,203,63,79,0,17,25,39,0,17,17,28,94,113,0,17,94,113
8600000US01474,1474,ZCTA5 01474,1939,292,1890,292,0,12,0,12,43,65,0,12,0,12,6,9,0,12,6,9
8600000US01475,1475,ZCTA5 01475,10613,26,10219,204,97,142,10,15,29,32,0,19,52,60,206,152,48,77,158,126
8600000US01501,1501,ZCTA5 01501,16239,70,15394,224,260,146,14,23,340,153,0,19,92,81,139,56,18,20,121,51
8600000US01503,1503,ZCTA5 01503,3061,23,2977,54,22,21,0,12,17,15,0,12,11,17,34,30,0,12,34,30
8600000US01504,1504,ZCTA5 01504,9068,21,8663,187,78,83,22,31,65,70,0,17,90,80,150,106,60,82,90,60
8600000US01505,1505,ZCTA5 01505,4480,17,4112,125,51,51,0,12,194,108,0,12,43,51,80,52,13,22,67,47
8600000US01506,1506,ZCTA5 01506,3386,17,3079,204,30,33,14,24,35,42,0,12,33,53,195,148,0,12,195,148
8600000US01507,1507,ZCTA5 01507,13292,32,12999,156,85,89,6,12,55,49,0,19,22,35,125,88,21,33,104,79
8600000US01510,1510,ZCTA5 01510,13759,61,12167,544,332,200,110,160,175,95,0,19,430,292,545,283,25,42,520,279
8600000US01515,1515,ZCTA5 01515,2259,181,2220,175,0,12,21,35,5,8,0,12,9,13,4,6,4,6,0,12
8600000US01516,1516,ZCTA5 01516,8689,40,8343,251,33,39,0,17,46,51,0,17,32,49,235,225,20,29,215,227
8600000US01518,1518,ZCTA5 01518,3009,511,2918,524,1,4,0,12,63,75,0,12,19,32,8,11,1,3,7,10
8600000US01519,1519,ZCTA5 01519,6548,501,5791,594,375,402,0,17,177,142,0,17,2,5,203,107,12,27,191,103
8600000US01520,1520,ZCTA5 01520,14880,377,13947,336,178,124,6,11,363,181,0,19,22,26,364,267,23,28,341,269
8600000US01521,1521,ZCTA5 01521,2374,206,2299,202,31,28,0,12,0,12,0,12,4,7,40,31,19,26,21,17
8600000US01522,1522,ZCTA5 01522,3380,368,3242,375,44,58,29,46,29,45,0,12,0,12,36,56,0,12,36,56
8600000US01523,1523,ZCTA5 01523,7811,237,7030,261,455,131,22,28,18,23,10,16,173,67,103,79,16,20,87,77
8600000US01524,1524,ZCTA5 01524,6649,408,6530,401,26,24,0,17,32,28,0,17,16,25,45,40,2,5,43,39
8600000US01525,1525,ZCTA5 01525,128,88,128,88,0,12,0,12,0,12,0,12,0,12,0,12,0,12,0,12
8600000US01527,1527,ZCTA5 01527,13431,20,12587,485,113,99,9,13,335,321,0,19,184,287,203,123,14,22,189,122
8600000US01529,1529,ZCTA5 01529,3218,20,3055,80,1,2,0,12,32,34,0,12,11,17,119,66,0,12,119,66
8600000US01531,1531,ZCTA5 01531,1106,136,1096,132,6,9,0,12,4,7,0,12,0,12,0,12,0,12,0,12
8600000US01532,1532,ZCTA5 01532,14846,31,12595,337,297,235,32,43,1481,257,7,11,89,81,345,151,23,35,322,147
8600000US01534,1534,ZCTA5 01534,6406,474,6174,506,35,37,7,12,180,158,6,9,4,7,0,17,0,17,0,17
8600000US01535,1535,ZCTA5 01535,4761,18,4639,88,51,59,0,12,27,24,0,12,13,18,31,34,13,21,18,27
8600000US01536,1536,ZCTA5 01536,7557,461,6460,541,275,178,0,17,342,171,9,13,58,52,413,208,308,203,105,72
8600000US01537,1537,ZCTA5 01537,2671,563,2372,524,1,3,0,12,46,43,0,12,13,20,239,241,123,196,116,142
8600000US01540,1540,ZCTA5 01540,10921,542,10264,581,79,68,0,19,123,122,0,19,57,68,398,237,186,219,212,129
8600000US01541,1541,ZCTA5 01541,3451,26,3195,166,38,38,0,12,40,30,0,12,118,156,60,39,10,15,50,36
8600000US01542,1542,ZCTA5 01542,2366,403,2292,396,15,24,25,38,0,12,0,12,0,12,34,41,0,12,34,41
8600000US01543,1543,ZCTA5 01543,8402,18,8160,150,7,15,0,17,185,149,0,17,2,4,48,50,16,27,32,44
8600000US01545,1545,ZCTA5 01545,36103,228,27529,775,1296,464,23,25,6059,611,0,25,290,181,906,305,112,97,794,286
8600000US01550,1550,ZCTA5 01550,16824,26,12620,639,556,295,54,47,184,120,0,19,2792,604,618,276,229,169,389,188
8600000US01560,1560,ZCTA5 01560,4504,260,3103,316,278,156,0,12,792,189,0,12,61,66,270,142,15,22,255,140
8600000US01561,1561,ZCTA5 01561,249,233,132,187,0,12,0,12,78,125,0,12,0,12,39,57,0,12,39,57
8600000US01562,1562,ZCTA5 01562,11801,22,11213,379,93,69,52,71,283,334,0,19,0,19,160,176,8,15,152,175
8600000US01564,1564,ZCTA5 01564,7954,36,7672,199,40,47,31,35,87,148,0,17,21,36,103,93,0,17,103,93
8600000US01566,1566,ZCTA5 01566,6442,511,6187,512,26,31,19,31,59,63,0,17,77,95,74,108,0,17,74,108
8600000US01568,1568,ZCTA5 01568,7532,126,6921,256,16,22,0,17,189,144,0,17,48,58,358,170,50,56,308,165
8600000US01569,1569,ZCTA5 01569,13881,125,13073,409,320,321,0,19,230,253,0,19,109,93,149,111,0,19,149,111
8600000US01570,1570,ZCTA5 01570,16838,25,14469,641,754,472,0,19,373,271,0,19,846,365,396,216,89,91,307,172
8600000US01571,1571,ZCTA5 01571,11608,19,10973,277,220,190,61,90,156,139,0,19,25,34,173,99,27,27,146,97
8600000US01581,1581,ZCTA5 01581,18706,44,13340,535,278,157,45,36,4430,439,0,19,225,242,388,225,20,23,368,218
8600000US01583,1583,ZCTA5 01583,7602,108,6661,335,500,218,7,11,128,87,0,17,119,92,187,118,12,22,175,110
8600000US01585,1585,ZCTA5 01585,4606,382,4391,407,27,38,0,12,99,71,0,12,48,52,41,36,9,15,32,35
8600000US01588,1588,ZCTA5 01588,9731,492,8930,615,255,256,0,17,193,138,0,17,194,159,159,133,0,17,159,133
8600000US01590,1590,ZCTA5 01590,9184,50,8719,237,131,121,0,17,82,63,13,21,11,16,228,145,1,3,227,145
8600000US01602,1602,ZCTA5 01602,23812,1028,19016,906,2393,616,0,22,972,384,0,22,652,321,779,374,21,26,758,371
8600000US01603,1603,ZCTA5 01603,20505,1103,14364,1277,2161,606,77,68,2526,624,33,41,712,212,632,281,201,186,431,202
8600000US01604,1604,ZCTA5 01604,35866,1476,23971,1330,5843,818,200,100,2976,704,10,18,1629,439,1237,398,619,338,618,240
8600000US01605,1605,ZCTA5 01605,28696,1223,17978,1171,4618,790,30,50,1968,509,17,27,1550,606,2535,510,208,170,2327,512
8600000US01606,1606,ZCTA5 01606,19258,1098,15477,1015,2219,669,27,43,771,318,0,19,304,156,460,202,8,12,452,203
8600000US01607,1607,ZCTA5 01607,8636,823,5756,666,1663,304,37,44,405,205,0,17,456,290,319,174,48,47,271,151
8600000US01608,1608,ZCTA5 01608,3511,613,1631,382,1001,385,54,52,30,36,0,12,505,350,290,234,84,135,206,188
8600000US01609,1609,ZCTA5 01609,19982,992,15142,1048,2060,406,99,88,1297,412,0,19,792,354,592,277,185,142,407,230
8600000US01610,1610,ZCTA5 01610,23919,1333,14733,1155,3138,452,32,31,2041,616,0,22,2902,645,1073,459,171,99,902,428
8600000US01611,1611,ZCTA5 01611,2466,317,2148,324,143,113,0,12,60,93,8,13,90,89,17,26,0,12,17,26
8600000US01612,1612,ZCTA5 01612,4889,63,4478,233,75,44,0,12,23,28,0,12,232,201,81,57,31,39,50,31
8600000US01701,1701,ZCTA5 01701,32061,695,27073,982,1522,481,120,133,2325,448,0,25,545,338,476,189,45,45,431,182
8600000US01702,1702,ZCTA5 01702,38781,695,25254,1119,3289,669,87,98,3460,498,7,12,4135,834,2549,740,431,253,2118,694
8600000US01718,1718,ZCTA5 01718,526,177,314,153,104,169,0,12,29,34,0,12,0,12,79,130,0,12,79,130
8600000US01719,1719,ZCTA5 01719,5287,31,4058,195,38,36,0,17,1078,185,0,17,24,27,89,85,0,17,89,85
8600000US01720,1720,ZCTA5 01720,22638,186,16422,578,321,200,0,22,5404,533,43,58,79,72,369,179,46,44,323,170
8600000US01721,1721,ZCTA5 01721,17420,62,14782,326,493,206,0,19,1535,229,0,19,224,122,386,193,92,101,294,172
8600000US01730,1730,ZCTA5 01730,14018,111,10989,513,567,388,13,20,2043,340,0,19,106,109,300,155,0,19,300,155
8600000US01731,1731,ZCTA5 01731,1957,162,1601,233,30,33,0,12,131,142,0,12,58,77,137,73,0,12,137,73
8600000US01740,1740,ZCTA5 01740,5113,35,4776,175,19,17,0,17,240,153,0,17,8,12,70,52,2,4,68,52
8600000US01741,1741,ZCTA5 01741,5125,21,4390,165,33,50,9,15,495,99,0,17,10,17,188,115,67,101,121,69
8600000US01742,1742,ZCTA5 01742,19448,50,16652,432,636,188,5,8,1114,291,0,19,609,134,432,190,27,37,405,179
8600000US01745,1745,ZCTA5 01745,482,236,445,246,0,12,0,12,28,39,0,12,9,12,0,12,0,12,0,12
8600000US01746,1746,ZCTA5 01746,14324,36,13489,302,125,90,0,19,452,211,0,19,85,85,173,128,47,52,126,119
8600000US01747,1747,ZCTA5 01747,5942,19,5666,286,20,25,0,17,51,58,0,17,185,261,20,33,20,33,0,17
8600000US01748,1748,ZCTA5 01748,16257,25,14632,315,192,142,0,19,1082,267,0,19,68,75,283,134,15,23,268,134
8600000US01749,1749,ZCTA5 01749,19680,45,18011,486,299,190,11,19,513,217,0,19,172,117,674,362,57,80,617,355
8600000US01752,1752,ZCTA5 01752,39545,38,30374,1133,1222,693,39,51,1891,463,0,25,1953,689,4066,1111,449,201,3617,1100
8600000US01754,1754,ZCTA5 01754,10526,23,9647,561,335,448,0,19,267,290,0,19,138,109,139,112,100,104,39,47
8600000US01756,1756,ZCTA5 01756,5963,25,5722,173,28,31,0,17,72,88,0,17,85,124,56,63,0,17,56,63
8600000US01757,1757,ZCTA5 01757,28600,131,24614,633,766,351,30,37,790,347,30,37,1520,508,850,280,359,207,491,179
8600000US01760,1760,ZCTA5 01760,35133,83,29462,579,688,226,41,27,3922,439,0,25,469,322,551,163,173,99,378,141
8600000US01770,1770,ZCTA5 01770,4255,20,3903,142,9,15,0,12,202,93,0,12,21,24,120,77,13,20,107,72
8600000US01772,1772,ZCTA5 01772,9486,238,8089,312,144,97,0,17,1059,128,0,17,49,38,145,83,17,26,128,91
8600000US01773,1773,ZCTA5 01773,4793,140,3963,314,162,176,0,12,476,187,0,12,88,69,104,76,21,38,83,63
8600000US01775,1775,ZCTA5 01775,7027,21,6567,240,1,2,0,17,228,159,0,17,118,121,113,112,0,17,113,112
8600000US01776,1776,ZCTA5 01776,18594,35,16156,274,102,148,18,20,1660,290,0,19,111,140,547,197,26,32,521,193
8600000US01778,1778,ZCTA5 01778,13697,66,11625,345,89,105,0,19,1657,311,40,50,63,59,223,115,0,19,223,115
8600000US01801,1801,ZCTA5 01801,39775,253,33384,899,2215,737,0,25,2504,691,0,25,1057,545,615,254,66,54,549,245
8600000US01803,1803,ZCTA5 01803,25698,36,20098,680,1218,437,0,22,3809,485,29,44,68,67,476,283,86,94,390,263
8600000US01810,1810,ZCTA5 01810,34963,24,28389,714,799,408,39,47,4437,529,0,25,486,253,813,233,86,58,727,231
8600000US01821,1821,ZCTA5 01821,31780,580,28864,691,481,259,0,25,1905,386,9,15,136,88,385,202,158,160,227,123
8600000US01824,1824,ZCTA5 01824,25803,440,22815,544,203,160,85,45,2363,415,0,22,153,151,184,88,31,39,153,78
8600000US01826,1826,ZCTA5 01826,30855,113,26731,704,1308,485,18,23,1352,436,56,83,425,223,965,284,193,128,772,290
8600000US01827,1827,ZCTA5 01827,3310,20,3088,95,0,12,0,12,138,74,0,12,12,18,72,47,0,12,72,47
8600000US01830,1830,ZCTA5 01830,25882,829,21704,856,626,195,24,25,319,231,0,22,2322,650,887,382,122,103,765,368
8600000US01832,1832,ZCTA5 01832,23305,803,18888,938,652,274,43,39,367,229,21,33,2837,682,497,212,29,31,468,217
8600000US01833,1833,ZCTA5 01833,8514,21,8105,215,93,121,0,17,74,76,4,10,70,66,168,107,0,17,168,107
8600000US01834,1834,ZCTA5 01834,6681,21,6545,101,47,47,19,31,70,80,0,17,0,17,0,17,0,17,0,17
8600000US01835,1835,ZCTA5 01835,13153,632,11569,581,346,165,0,19,377,225,0,19,687,341,174,96,0,19,174,96
8600000US01840,1840,ZCTA5 01840,5524,491,2471,429,445,190,73,61,14,23,0,17,2381,394,140,59,59,37,81,54
8600000US01841,1841,ZCTA5 01841,47836,927,22664,1301,3322,682,201,166,641,310,0,25,19750,1443,1258,535,483,217,775,482
8600000US01843,1843,ZCTA5 01843,25963,1013,12179,1140,2442,708,28,31,1573,600,0,22,9034,1230,707,285,376,197,331,210
8600000US01844,1844,ZCTA5 01844,49057,37,38828,1007,1852,571,403,430,1749,441,0,25,5330,838,895,279,334,224,561,153
8600000US01845,1845,ZCTA5 01845,29705,29,26109,578,792,363,9,18,1668,304,0,22,502,290,625,218,8,15,617,217
8600000US01850,1850,ZCTA5 01850,16394,968,10903,1157,1582,498,47,62,1073,348,0,19,2532,711,257,154,76,77,181,126
8600000US01851,1851,ZCTA5 01851,30026,910,13736,818,2232,520,283,187,11156,1013,0,25,2095,776,524,174,112,81,412,157
8600000US01852,1852,ZCTA5 01852,34332,1003,22799,1052,2248,513,120,98,4439,688,0,25,3097,621,1629,498,426,226,1203,419
8600000US01854,1854,ZCTA5 01854,29204,900,17182,858,1916,516,21,29,6624,789,47,71,2558,686,856,238,283,144,573,190
8600000US01860,1860,ZCTA5 01860,6695,17,6630,65,10,14,0,17,0,17,0,17,51,60,4,8,0,17,4,8
8600000US01862,1862,ZCTA5 01862,11134,689,9464,763,401,205,0,19,394,144,0,19,576,365,299,151,36,44,263,137
8600000US01863,1863,ZCTA5 01863,9103,435,7820,435,93,98,0,17,876,261,20,31,127,100,167,91,67,72,100,82
8600000US01864,1864,ZCTA5 01864,15476,23,13985,411,166,116,43,52,890,351,0,19,117,111,275,162,0,19,275,162
8600000US01867,1867,ZCTA5 01867,24935,255,23212,409,34,40,25,36,1080,259,0,22,126,86,458,196,121,104,337,181
8600000US01876,1876,ZCTA5 01876,29692,547,27613,794,548,352,20,24,1037,343,0,22,111,121,363,191,23,34,340,190
8600000US01879,1879,ZCTA5 01879,12133,42,10775,370,103,120,6,12,989,279,0,19,24,36,236,142,0,19,236,142
8600000US01880,1880,ZCTA5 01880,26062,141,24357,500,295,182,22,27,619,345,0,22,465,339,304,128,28,34,276,121
8600000US01886,1886,ZCTA5 01886,23850,26,19457,293,121,112,0,22,3952,269,0,22,29,48,291,126,0,22,291,126
8600000US01887,1887,ZCTA5 01887,23310,38,21335,509,366,328,0,22,1096,277,12,18,163,159,338,194,41,55,297,171
8600000US01890,1890,ZCTA5 01890,22491,35,19048,365,184,118,9,15,2691,331,11,17,53,36,495,141,27,24,468,136
8600000US01901,1901,ZCTA5 01901,1637,429,699,244,302,179,12,19,35,38,0,12,426,319,163,107,12,22,151,104
8600000US01902,1902,ZCTA5 01902,47081,1356,18265,1088,7371,771,143,136,4009,629,104,86,13641,1469,3548,746,735,321,2813,701
8600000US01904,1904,ZCTA5 01904,17103,1066,13820,996,769,300,9,18,786,227,0,19,1178,510,541,211,198,151,343,151
8600000US01905,1905,ZCTA5 01905,26209,875,11093,797,3457,566,102,96,2347,430,39,47,7543,985,1628,511,405,200,1223,457
8600000US01906,1906,ZCTA5 01906,27773,39,25190,709,658,328,88,126,1147,488,0,22,356,317,334,183,45,38,289,173
8600000US01907,1907,ZCTA5 01907,14418,104,13777,246,86,80,0,19,165,100,0,19,38,43,352,216,0,19,352,216
8600000US01908,1908,ZCTA5 01908,3471,17,3377,60,47,50,0,12,19,20,0,12,13,21,15,17,1,2,14,17
8600000US01913,1913,ZCTA5 01913,17082,30,16338,409,147,150,0,19,142,118,0,19,51,41,404,268,0,19,404,268
8600000US01915,1915,ZCTA5 01915,40967,23,38719,453,449,216,0,25,824,289,16,25,317,140,642,223,44,66,598,206
8600000US01921,1921,ZCTA5 01921,8198,20,7723,209,0,17,0,17,276,200,0,17,14,23,185,153,0,17,185,153
8600000US01922,1922,ZCTA5 01922,2829,388,2723,388,55,88,0,12,51,59,0,12,0,12,0,12,0,12,0,12
8600000US01923,1923,ZCTA5 01923,27419,55,25656,396,416,212,15,23,663,281,0,22,333,205,336,170,34,32,302,170
8600000US01929,1929,ZCTA5 01929,3632,17,3549,61,0,12,0,12,39,40,0,12,7,12,37,38,8,13,29,36
8600000US01930,1930,ZCTA5 01930,29546,27,28190,325,305,142,66,69,301,150,0,22,376,210,308,177,24,27,284,176
8600000US01937,1937,ZCTA5 01937,139,27,132,32,0,12,0,12,0,12,0,12,7,16,0,12,0,12,0,12
8600000US01938,1938,ZCTA5 01938,13682,27,13269,177,107,104,8,13,82,49,0,19,20,26,196,114,12,18,184,112
8600000US01940,1940,ZCTA5 01940,13143,209,12100,383,245,238,0,19,612,196,0,19,101,151,85,63,0,19,85,63
8600000US01944,1944,ZCTA5 01944,5321,15,5173,130,0,17,0,17,23,29,0,17,45,43,80,95,54,85,26,40
8600000US01945,1945,ZCTA5 01945,20363,44,19483,327,366,256,0,22,191,108,0,22,75,62,248,197,69,91,179,176
8600000US01949,1949,ZCTA5 01949,9514,21,8369,428,357,249,0,17,147,115,2,5,366,139,273,145,4,7,269,144
8600000US01950,1950,ZCTA5 01950,17837,26,16836,424,254,295,0,19,359,266,0,19,200,238,188,117,0,19,188,117
8600000US01951,1951,ZCTA5 01951,4076,390,3999,398,27,29,0,12,0,12,0,12,35,57,15,24,0,12,15,24
8600000US01952,1952,ZCTA5 01952,8899,66,8427,233,81,72,0,17,215,193,13,21,5,9,158,138,0,17,158,138
8600000US01960,1960,ZCTA5 01960,51948,167,46209,1174,1382,676,80,117,801,351,2,6,2395,764,1079,341,256,131,823,300
8600000US01966,1966,ZCTA5 01966,7167,54,6984,192,127,180,10,16,0,17,9,15,12,18,25,26,0,17,25,26
8600000US01969,1969,ZCTA5 01969,6145,33,6023,87,28,45,0,17,46,42,0,17,14,23,34,50,0,17,34,50
8600000US01970,1970,ZCTA5 01970,42650,99,33212,835,2574,607,286,189,936,361,0,25,3966,663,1676,470,500,292,1176,368
8600000US01982,1982,ZCTA5 01982,8136,18,7344,363,81,98,0,17,540,340,25,33,61,58,85,71,3,5,82,71
8600000US01983,1983,ZCTA5 01983,6434,19,6118,192,4,9,0,17,172,121,6,13,16,28,118,120,0,17,118,120
8600000US01984,1984,ZCTA5 01984,5135,24,4789,85,77,41,0,17,141,50,0,17,69,37,59,37,13,18,46,32
8600000US01985,1985,ZCTA5 01985,4484,18,4414,59,0,12,0,12,38,36,0,12,7,11,25,31,0,12,25,31
8600000US02019,2019,ZCTA5 02019,16833,30,15755,387,220,134,0,19,525,321,0,19,141,166,192,184,0,19,192,184
8600000US02021,2021,ZCTA5 02021,22562,32,18883,542,1331,431,0,22,1547,291,11,17,233,189,557,244,90,90,467,215
8600000US02025,2025,ZCTA5 02025,8316,35,8170,141,12,19,0,17,66,78,0,17,0,17,68,106,0,17,68,106
8600000US02026,2026,ZCTA5 02026,25272,55,21399,621,2010,473,54,42,708,225,0,22,493,228,608,333,279,291,329,152
8600000US02030,2030,ZCTA5 02030,5864,27,5063,291,211,278,0,17,481,91,0,17,0,17,109,76,0,17,109,76
8600000US02032,2032,ZCTA5 02032,4070,463,3296,443,212,244,0,12,410,109,0,12,34,43,118,111,0,12,118,111
8600000US02035,2035,ZCTA5 02035,17348,28,15993,452,670,345,0,19,344,203,0,19,34,35,307,161,0,19,307,161
8600000US02038,2038,ZCTA5 02038,32873,31,30362,361,248,122,17,27,1505,263,5,10,147,122,589,231,40,42,549,227
8600000US02043,2043,ZCTA5 02043,22901,25,22054,275,50,37,18,31,446,204,0,22,20,29,313,165,1,2,312,165
8600000US02045,2045,ZCTA5 02045,10437,22,9999,183,29,26,29,33,87,66,0,19,142,130,151,90,19,30,132,84
8600000US02047,2047,ZCTA5 02047,47,54,47,54,0,12,0,12,0,12,0,12,0,12,0,12,0,12,0,12
8600000US02048,2048,ZCTA5 02048,23615,42,21310,483,583,260,15,25,1066,356,0,22,131,97,510,242,19,29,491,240
8600000US02050,2050,ZCTA5 02050,25961,271,24910,599,39,33,39,53,175,98,0,22,438,447,360,203,145,130,215,137
8600000US02052,2052,ZCTA5 02052,12510,21,11553,462,89,90,17,27,502,300,0,19,202,248,147,103,0,19,147,103
8600000US02053,2053,ZCTA5 02053,13135,27,12141,337,248,210,0,19,490,238,0,19,42,42,214,112,0,19,214,112
8600000US02054,2054,ZCTA5 02054,8110,19,7921,143,14,22,0,17,39,57,0,17,136,127,0,17,0,17,0,17
8600000US02056,2056,ZCTA5 02056,11442,85,10100,386,703,261,29,25,125,98,0,19,360,97,125,82,53,67,72,53
8600000US02061,2061,ZCTA5 02061,10845,23,10545,175,45,34,0,19,57,43,0,19,10,16,188,139,23,39,165,136
8600000US02062,2062,ZCTA5 02062,29018,35,24412,630,1349,310,3,6,2077,565,0,22,820,398,357,157,7,14,350,154
8600000US02066,2066,ZCTA5 02066,17978,266,17398,349,88,96,43,60,93,56,26,32,14,21,316,217,11,19,305,211
8600000US02067,2067,ZCTA5 02067,18066,113,14276,473,495,272,21,34,2937,316,0,19,64,62,273,151,0,19,273,151
8600000US02071,2071,ZCTA5 02071,1686,464,1105,376,349,300,7,9,102,144,0,12,123,82,0,12,0,12,0,12
8600000US02072,2072,ZCTA5 02072,28260,33,21740,538,3981,485,137,151,928,269,0,22,804,283,670,235,48,46,622,231
8600000US02081,2081,ZCTA5 02081,19481,628,17845,735,126,77,9,14,632,247,0,19,457,522,412,272,45,72,367,263
8600000US02090,2090,ZCTA5 02090,15364,23,13934,214,42,43,0,19,1085,225,0,19,69,68,234,156,0,19,234,156
8600000US02093,2093,ZCTA5 02093,11483,26,11277,107,96,81,0,19,63,53,0,19,0,19,47,39,13,15,34,36
8600000US02108,2108,ZCTA5 02108,4049,526,3515,501,209,116,26,34,172,140,0,12,31,33,96,96,0,12,96,96
8600000US02109,2109,ZCTA5 02109,4015,565,3497,465,135,158,0,12,249,173,0,12,68,96,66,53,0,12,66,53
8600000US02110,2110,ZCTA5 02110,2124,314,1814,315,83,69,0,12,206,169,0,12,0,12,21,29,0,12,21,29
8600000US02111,2111,ZCTA5 02111,7564,758,3157,450,212,116,0,17,3926,520,0,17,64,49,205,99,30,31,175,91
8600000US02113,2113,ZCTA5 02113,7495,448,7046,439,27,32,0,17,206,88,0,17,87,68,129,70,34,43,95,57
8600000US02114,2114,ZCTA5 02114,13001,605,10294,706,560,198,0,19,1475,286,0,19,350,232,322,94,7,11,315,95
8600000US02115,2115,ZCTA5 02115,28976,850,19475,800,2574,405,49,43,4386,469,27,31,1450,343,1015,266,234,83,781,248
8600000US02116,2116,ZCTA5 02116,23004,884,17745,875,1126,213,42,41,3310,330,0,22,276,103,505,230,60,44,445,221
8600000US02118,2118,ZCTA5 02118,27664,1074,14723,915,4953,596,121,84,4140,491,0,22,2441,508,1286,411,179,157,1107,357
8600000US02119,2119,ZCTA5 02119,26833,1187,3964,657,16043,1077,87,68,695,285,0,22,4721,679,1323,396,445,244,878,289
8600000US02120,2120,ZCTA5 02120,15322,1111,6838,659,3854,758,27,43,2533,503,0,19,1638,440,432,172,105,66,327,161
8600000US02121,2121,ZCTA5 02121,28029,1374,2309,564,19867,1228,64,110,237,169,0,22,4103,746,1449,495,380,239,1069,466
8600000US02122,2122,ZCTA5 02122,24624,1243,9279,767,7602,742,5,9,4520,613,0,22,2357,656,861,369,192,142,669,338
8600000US02124,2124,ZCTA5 02124,52986,1810,11989,1325,34100,1535,573,299,3269,569,0,28,1519,504,1536,398,304,188,1232,381
8600000US02125,2125,ZCTA5 02125,36353,1118,12427,857,10803,1041,174,123,4649,590,0,25,6445,969,1855,485,595,206,1260,429
8600000US02126,2126,ZCTA5 02126,29531,1448,2429,609,25436,1383,33,38,260,209,0,22,795,331,578,260,121,105,457,217
8600000US02127,2127,ZCTA5 02127,36311,1200,29704,1130,2307,396,45,67,1829,407,0,25,1688,468,738,251,244,132,494,208
8600000US02128,2128,ZCTA5 02128,46208,1343,28877,1492,1341,301,474,336,1617,399,16,26,1498,419,12385,1440,705,292,11680,1440
8600000US02129,2129,ZCTA5 02129,18314,766,13785,577,2029,557,0,19,1401,372,0,19,707,301,392,140,37,32,355,140
8600000US02130,2130,ZCTA5 02130,39316,1198,25718,972,4696,732,95,82,2425,389,0,25,4739,741,1643,407,258,110,1385,388
8600000US02131,2131,ZCTA5 02131,32459,1204,19183,1054,8588,917,333,221,694,268,0,25,2728,589,933,276,331,168,602,216
8600000US02132,2132,ZCTA5 02132,28292,1087,23807,1092,1560,580,0,22,1807,346,0,22,674,366,444,185,44,66,400,155
8600000US02134,2134,ZCTA5 02134,17598,935,11052,942,1094,373,51,47,3746,609,0,19,955,409,700,331,182,241,518,213
8600000US02135,2135,ZCTA5 02135,40513,1191,29242,1120,2073,470,140,96,6400,680,68,65,1530,640,1060,220,150,73,910,211
8600000US02136,2136,ZCTA5 02136,31762,1453,11510,828,14573,1454,204,169,632,285,0,25,3783,751,1060,292,239,109,821,276
8600000US02138,2138,ZCTA5 02138,37067,1081,27178,998,1830,330,45,44,5596,461,20,21,723,246,1675,310,172,84,1503,301
8600000US02139,2139,ZCTA5 02139,36338,943,24089,944,4158,551,143,87,5191,648,24,27,858,217,1875,385,267,104,1608,343
8600000US02140,2140,ZCTA5 02140,19604,763,11717,656,4297,614,32,32,2694,409,0,19,414,198,450,146,127,102,323,131
8600000US02141,2141,ZCTA5 02141,13059,605,8288,539,1266,344,29,25,2332,466,7,11,542,276,595,151,171,114,424,108
8600000US02142,2142,ZCTA5 02142,2807,383,1792,299,73,54,3,5,767,217,0,12,0,12,172,99,8,11,164,102
8600000US02143,2143,ZCTA5 02143,26800,1049,20877,1078,948,315,113,72,3236,828,0,22,855,396,771,192,128,75,643,174
8600000US02144,2144,ZCTA5 02144,24475,938,20294,864,1286,398,5,8,1818,387,9,16,241,159,822,266,7,13,815,270
8600000US02145,2145,ZCTA5 02145,26006,786,17341,975,3204,797,9,14,2911,701,0,22,1491,573,1050,307,159,124,891,278
8600000US02148,2148,ZCTA5 02148,60812,187,33781,1509,9278,1250,84,81,13939,1169,22,34,1419,494,2289,611,259,221,2030,576
8600000US02149,2149,ZCTA5 02149,44496,163,27026,1615,8669,1337,126,127,3097,950,8,12,3272,944,2298,527,275,145,2023,510
8600000US02150,2150,ZCTA5 02150,38237,40,18617,1073,2421,477,105,70,1095,318,0,25,3417,691,12582,1294,337,186,12245,1279
8600000US02151,2151,ZCTA5 02151,53172,45,40706,1398,3104,799,174,155,2938,680,0,28,3765,1076,2485,671,449,299,2036,553
8600000US02152,2152,ZCTA5 02152,18031,26,16991,317,283,228,0,19,211,127,0,19,154,107,392,188,19,30,373,185
8600000US02155,2155,ZCTA5 02155,59348,291,46357,1107,5464,792,158,127,4838,651,31,40,669,268,1831,462,324,196,1507,401
8600000US02163,2163,ZCTA5 02163,2575,417,1686,340,194,148,7,14,554,179,0,12,25,27,109,70,44,68,65,75
8600000US02169,2169,ZCTA5 02169,55876,905,37367,1218,3700,719,59,69,12781,804,15,27,714,341,1240,281,207,166,1033,260
8600000US02170,2170,ZCTA5 02170,19574,1004,11692,770,382,172,94,145,6899,897,0,19,83,73,424,258,7,7,417,258
8600000US02171,2171,ZCTA5 02171,17899,955,10012,754,882,462,0,19,6474,816,0,19,98,85,433,238,26,30,407,228
8600000US02176,2176,ZCTA5 02176,27787,29,24973,768,957,574,0,22,1239,518,0,22,76,85,542,227,15,24,527,222
8600000US02180,2180,ZCTA5 02180,21831,26,20283,438,359,221,0,22,853,352,0,22,144,131,192,122,59,83,133,79
8600000US02184,2184,ZCTA5 02184,37066,45,30746,646,1818,533,38,42,3351,422,0,25,266,153,847,284,36,36,811,284
8600000US02186,2186,ZCTA5 02186,27351,29,20633,666,3764,564,9,18,1991,319,0,22,259,179,695,223,138,89,557,179
8600000US02188,2188,ZCTA5 02188,15347,793,12298,732,1368,455,43,49,1110,366,0,19,255,157,273,162,58,56,215,144
8600000US02189,2189,ZCTA5 02189,15076,774,13088,821,660,335,0,19,606,444,0,19,170,131,552,312,31,51,521,308
8600000US02190,2190,ZCTA5 02190,16886,764,15127,663,569,268,0,19,888,403,0,19,52,61,250,249,0,19,250,249
8600000US02191,2191,ZCTA5 02191,8292,417,7711,461,4,7,0,17,472,239,0,17,44,54,61,51,0,17,61,51
8600000US02199,2199,ZCTA5 02199,1260,280,1106,276,9,14,0,12,145,81,0,12,0,12,0,12,0,12,0,12
8600000US02203,2203,ZCTA5 02203,0,12,0,12,0,12,0,12,0,12,0,12,0,12,0,12,0,12,0,12
8600000US02210,2210,ZCTA5 02210,2461,290,2190,280,86,59,0,12,150,61,0,12,0,12,35,26,11,16,24,20
8600000US02215,2215,ZCTA5 02215,24698,1014,16813,907,1001,201,27,27,5137,517,11,18,758,203,951,189,148,77,803,177
8600000US02301,2301,ZCTA5 02301,60659,1000,24346,1217,27015,1115,189,166,987,340,0,28,6154,1017,1968,412,684,239,1284,340
8600000US02302,2302,ZCTA5 02302,34154,1001,17892,1051,11993,978,147,109,738,216,48,72,1833,586,1503,416,423,205,1080,385
8600000US02322,2322,ZCTA5 02322,4476,22,3403,293,519,136,17,26,315,267,0,12,109,90,113,84,0,12,113,84
8600000US02324,2324,ZCTA5 02324,27381,42,23587,661,2089,464,42,38,522,262,15,21,392,131,734,266,109,88,625,237
8600000US02330,2330,ZCTA5 02330,11557,23,10909,234,212,149,26,40,117,68,0,19,33,30,260,158,0,19,260,158
8600000US02332,2332,ZCTA5 02332,15444,23,15029,175,134,127,0,19,163,94,0,19,26,38,92,57,6,10,86,57
8600000US02333,2333,ZCTA5 02333,14222,21,13624,243,77,63,34,60,231,167,0,19,68,78,188,96,24,38,164,87
8600000US02338,2338,ZCTA5 02338,7753,19,7525,192,116,178,0,17,19,30,0,17,54,60,39,66,0,17,39,66
8600000US02339,2339,ZCTA5 02339,14332,29,13715,229,91,109,0,19,236,134,14,23,115,167,161,117,0,19,161,117
8600000US02341,2341,ZCTA5 02341,10477,20,9874,241,205,149,19,25,122,116,0,19,14,16,243,129,20,23,223,128
8600000US02343,2343,ZCTA5 02343,10654,507,9070,496,1046,255,0,19,372,226,0,19,86,66,80,78,1,2,79,78
8600000US02346,2346,ZCTA5 02346,24005,47,22726,462,422,256,15,25,188,162,23,37,198,199,433,237,103,74,330,232
8600000US02347,2347,ZCTA5 02347,11230,49,10888,167,57,45,0,19,82,86,0,19,18,20,185,100,23,24,162,96
8600000US02351,2351,ZCTA5 02351,16196,37,15034,418,472,337,0,19,430,267,0,19,80,58,180,103,30,35,150,94
8600000US02356,2356,ZCTA5 02356,12498,425,11869,449,317,150,0,19,181,107,0,19,45,54,86,51,27,35,59,40
8600000US02357,2357,ZCTA5 02357,1234,299,1050,229,94,102,0,12,18,19,0,12,16,22,56,39,14,18,42,30
8600000US02359,2359,ZCTA5 02359,18166,31,17087,417,110,109,6,14,257,168,0,19,156,135,550,251,154,197,396,207
8600000US02360,2360,ZCTA5 02360,58024,106,54039,694,1024,218,152,142,694,247,0,28,942,458,1173,289,94,65,1079,279
8600000US02364,2364,ZCTA5 02364,13106,26,12693,264,108,211,0,19,88,56,0,19,28,37,189,132,13,22,176,130
8600000US02366,2366,ZCTA5 02366,192,91,83,28,53,52,0,12,0,12,0,12,34,23,22,18,0,12,22,18
8600000US02367,2367,ZCTA5 02367,2913,19,2833,47,0,12,0,12,22,18,0,12,16,16,42,35,26,33,16,15
8600000US02368,2368,ZCTA5 02368,33880,504,13926,1040,13609,1067,21,35,3923,715,0,25,1408,497,993,403,162,136,831,381
8600000US02370,2370,ZCTA5 02370,17725,23,16564,456,525,264,0,19,123,107,0,19,53,35,460,363,0,19,460,363
8600000US02375,2375,ZCTA5 02375,10038,440,8710,483,704,364,0,19,174,130,0,19,229,134,221,154,50,56,171,123
8600000US02379,2379,ZCTA5 02379,7044,31,6446,286,291,206,11,18,6,10,0,17,84,104,206,196,0,17,206,196
8600000US02382,2382,ZCTA5 02382,14767,20,14026,281,85,66,0,19,120,94,0,19,191,117,345,219,56,79,289,209
8600000US02420,2420,ZCTA5 02420,14325,476,9979,449,98,70,0,19,3773,310,0,19,28,40,447,161,26,23,421,162
8600000US02421,2421,ZCTA5 02421,18611,475,13075,562,231,120,47,42,4617,560,0,19,79,71,562,218,0,19,562,218
8600000US02445,2445,ZCTA5 02445,21029,712,15877,729,952,354,38,36,3203,451,0,22,231,142,728,231,21,21,707,231
8600000US02446,2446,ZCTA5 02446,29589,813,22141,869,616,225,0,22,5157,707,24,32,572,257,1079,274,65,43,1014,266
8600000US02451,2451,ZCTA5 02451,18130,765,13074,873,1085,319,39,65,2672,384,0,19,675,276,585,256,189,159,396,198
8600000US02452,2452,ZCTA5 02452,15295,803,11494,774,1079,329,81,69,1724,265,0,19,380,181,537,205,70,55,467,198
8600000US02453,2453,ZCTA5 02453,29256,828,21665,994,1576,499,5,9,3210,547,22,27,1761,634,1017,330,122,87,895,312
8600000US02457,2457,ZCTA5 02457,1622,159,1033,133,129,56,0,12,336,98,9,17,56,51,59,39,19,21,40,31
8600000US02458,2458,ZCTA5 02458,12868,607,9949,596,550,251,0,19,1630,391,8,12,417,317,314,175,28,35,286,176
8600000US02459,2459,ZCTA5 02459,19020,823,14668,749,671,328,34,34,2998,518,0,19,86,62,563,202,20,18,543,203
8600000US02460,2460,ZCTA5 02460,10125,607,8119,598,470,304,8,11,1065,257,0,19,84,98,379,140,0,19,379,140
8600000US02461,2461,ZCTA5 02461,7267,552,5449,478,88,55,22,33,1289,364,0,17,139,120,280,157,57,84,223,122
8600000US02462,2462,ZCTA5 02462,1419,218,1095,204,24,15,13,24,177,96,0,12,3,6,107,94,40,65,67,63
8600000US02464,2464,ZCTA5 02464,3136,346,2184,287,93,92,0,12,642,240,0,12,116,97,101,75,0,12,101,75
8600000US02465,2465,ZCTA5 02465,11875,613,9531,584,345,163,0,19,1499,311,0,19,259,219,241,125,26,27,215,123
8600000US02466,2466,ZCTA5 02466,8573,559,6456,538,335,155,12,15,1370,284,0,17,117,77,283,113,31,27,252,111
8600000US02467,2467,ZCTA5 02467,22048,1023,16945,921,980,303,0,22,2922,440,0,22,305,112,896,278,149,74,747,258
8600000US02468,2468,ZCTA5 02468,5485,330,4514,354,97,90,0,17,709,165,0,17,0,17,165,95,18,19,147,91
8600000US02472,2472,ZCTA5 02472,33874,48,28330,767,926,355,50,48,2621,489,0,25,1182,598,765,271,60,69,705,256
8600000US02474,2474,ZCTA5 02474,27916,528,22810,773,601,295,96,82,3239,423,0,22,270,284,900,307,85,87,815,291
8600000US02476,2476,ZCTA5 02476,16492,533,14013,558,269,172,32,37,1512,357,0,19,116,60,550,189,35,32,515,190
8600000US02478,2478,ZCTA5 02478,25548,31,20708,367,463,168,52,55,3583,331,4,9,121,67,617,179,56,44,561,170
8600000US02481,2481,ZCTA5 02481,16328,375,13733,460,326,107,28,45,1574,283,12,18,96,62,559,146,55,37,504,139
8600000US02482,2482,ZCTA5 02482,10959,383,9081,405,243,150,0,19,1283,213,0,19,103,75,249,91,30,27,219,86
8600000US02492,2492,ZCTA5 02492,20185,410,18072,529,264,155,0,22,1423,264,0,22,19,26,407,168,73,78,334,147
8600000US02493,2493,ZCTA5 02493,11946,21,9876,387,250,170,17,27,1273,255,0,19,238,173,292,189,97,136,195,116
8600000US02494,2494,ZCTA5 02494,9982,398,8101,438,366,224,0,17,1063,214,0,17,136,147,316,165,0,17,316,165
8600000US02532,2532,ZCTA5 02532,12370,893,11446,855,359,217,0,19,7,11,0,19,11,15,547,395,280,372,267,192
8600000US02534,2534,ZCTA5 02534,952,325,796,323,53,59,0,12,30,44,0,12,58,81,15,34,0,12,15,34
8600000US02535,2535,ZCTA5 02535,1812,277,1338,252,38,42,238,47,7,7,0,12,12,16,179,103,0,12,179,103
8600000US02536,2536,ZCTA5 02536,19366,648,17056,807,833,368,193,160,272,195,0,19,477,277,535,163,83,78,452,174
8600000US02537,2537,ZCTA5 02537,6249,571,6068,558,1,3,0,17,0,17,0,17,4,9,176,141,0,17,176,141
8600000US02538,2538,ZCTA5 02538,3228,597,3024,619,107,87,0,12,0,12,0,12,58,69,39,47,0,12,39,47
8600000US02539,2539,ZCTA5 02539,4247,16,3831,208,102,91,0,12,13,19,0,12,59,68,242,192,0,12,242,192
8600000US02540,2540,ZCTA5 02540,8635,668,7765,672,202,205,0,17,436,189,0,17,117,98,115,85,46,65,69,72
8600000US02542,2542,ZCTA5 02542,756,182,646,181,43,52,0,12,18,29,2,5,14,15,33,21,7,13,26,22
8600000US02543,2543,ZCTA5 02543,935,179,935,179,0,12,0,12,0,12,0,12,0,12,0,12,0,12,0,12
8600000US02553,2553,ZCTA5 02553,115,140,115,140,0,12,0,12,0,12,0,12,0,12,0,12,0,12,0,12
8600000US02554,2554,ZCTA5 02554,10434,145,8892,253,720,216,62,77,97,41,0,19,220,206,443,217,62,83,381,202
8600000US02556,2556,ZCTA5 02556,2621,459,2484,465,10,10,0,12,18,28,0,12,3,6,106,142,16,27,90,139
8600000US02557,2557,ZCTA5 02557,4647,28,4091,337,153,95,34,44,0,12,0,12,140,121,229,294,0,12,229,294
8600000US02558,2558,ZCTA5 02558,1243,507,843,428,16,25,0,12,0,12,0,12,384,301,0,12,0,12,0,12
8600000US02559,2559,ZCTA5 02559,4243,593,4097,608,81,66,0,12,0,12,0,12,40,47,25,43,0,12,25,43
8600000US02561,2561,ZCTA5 02561,479,244,479,244,0,12,0,12,0,12,0,12,0,12,0,12,0,12,0,12
8600000US02562,2562,ZCTA5 02562,3194,368,3033,369,28,33,0,12,85,91,0,12,9,14,39,57,0,12,39,57
8600000US02563,2563,ZCTA5 02563,9469,638,9067,657,0,17,0,17,189,163,0,17,156,141,57,60,38,55,19,28
8600000US02564,2564,ZCTA5 02564,250,145,220,133,6,15,0,12,8,10,0,12,16,37,0,12,0,12,0,12
8600000US02568,2568,ZCTA5 02568,4072,25,3540,223,303,190,0,12,21,28,0,12,49,56,159,138,0,12,159,138
8600000US02571,2571,ZCTA5 02571,10628,912,8659,958,386,192,0,19,34,35,0,19,619,372,930,453,254,197,676,355
8600000US02575,2575,ZCTA5 02575,2306,279,2241,282,38,39,0,12,12,15,0,12,6,10,9,13,0,12,9,13
8600000US02576,2576,ZCTA5 02576,5225,654,4545,690,86,74,0,17,54,76,0,17,174,114,366,294,81,88,285,280
8600000US02584,2584,ZCTA5 02584,10,18,10,18,0,12,0,12,0,12,0,12,0,12,0,12,0,12,0,12
8600000US02601,2601,ZCTA5 02601,14503,910,11525,909,1564,561,72,52,219,176,139,78,586,328,398,193,65,61,333,183
8600000US02630,2630,ZCTA5 02630,2355,518,2307,517,48,73,0,12,0,12,0,12,0,12,0,12,0,12,0,12
8600000US02631,2631,ZCTA5 02631,9782,107,9540,174,91,79,0,17,0,17,30,46,6,13,115,92,0,17,115,92
8600000US02632,2632,ZCTA5 02632,10293,798,9855,787,0,19,61,60,126,114,0,19,60,56,191,159,0,19,191,159
8600000US02633,2633,ZCTA5 02633,3859,293,3557,307,194,163,0,12,21,32,0,12,0,12,87,71,9,14,78,72
8600000US02635,2635,ZCTA5 02635,3486,455,3458,459,17,28,0,12,0,12,0,12,11,19,0,12,0,12,0,12
8600000US02637,2637,ZCTA5 02637,125,106,125,106,0,12,0,12,0,12,0,12,0,12,0,12,0,12,0,12
8600000US02638,2638,ZCTA5 02638,3479,486,3376,482,0,12,30,32,15,24,0,12,58,92,0,12,0,12,0,12
8600000US02639,2639,ZCTA5 02639,2435,352,2204,310,167,150,0,12,0,12,0,12,12,18,52,58,17,27,35,50
8600000US02641,2641,ZCTA5 02641,236,110,236,110,0,12,0,12,0,12,0,12,0,12,0,12,0,12,0,12
8600000US02642,2642,ZCTA5 02642,4898,42,4682,101,71,100,0,12,56,44,0,12,42,46,47,63,0,12,47,63
8600000US02643,2643,ZCTA5 02643,9,13,9,13,0,12,0,12,0,12,0,12,0,12,0,12,0,12,0,12
8600000US02644,2644,ZCTA5 02644,4829,594,4783,589,0,12,0,12,0,12,0,12,8,13,38,52,0,12,38,52
8600000US02645,2645,ZCTA5 02645,9457,340,8900,390,190,138,14,24,213,136,13,21,68,58,59,41,24,27,35,32
8600000US02646,2646,ZCTA5 02646,1888,309,1851,307,0,12,0,12,0,12,0,12,0,12,37,58,0,12,37,58
8600000US02647,2647,ZCTA5 02647,169,123,169,123,0,12,0,12,0,12,0,12,0,12,0,12,0,12,0,12
8600000US02648,2648,ZCTA5 02648,6456,558,6063,551,134,185,0,17,24,40,0,17,45,43,190,106,0,17,190,106
8600000US02649,2649,ZCTA5 02649,14080,24,12501,338,381,166,493,182,131,121,0,19,136,112,438,178,80,70,358,157
8600000US02650,2650,ZCTA5 02650,1197,276,1165,269,32,39,0,12,0,12,0,12,0,12,0,12,0,12,0,12
8600000US02651,2651,ZCTA5 02651,26,38,26,38,0,12,0,12,0,12,0,12,0,12,0,12,0,12,0,12
8600000US02652,2652,ZCTA5 02652,781,213,781,213,0,12,0,12,0,12,0,12,0,12,0,12,0,12,0,12
8600000US02653,2653,ZCTA5 02653,5879,74,5643,156,166,132,0,17,40,48,0,17,30,35,0,17,0,17,0,17
8600000US02655,2655,ZCTA5 02655,3465,349,3404,352,31,38,0,12,0,12,0,12,30,36,0,12,0,12,0,12
8600000US02657,2657,ZCTA5 02657,2962,16,2517,170,88,67,10,17,88,84,0,12,45,70,214,119,41,62,173,101
8600000US02659,2659,ZCTA5 02659,835,190,813,191,0,12,0,12,22,26,0,12,0,12,0,12,0,12,0,12
8600000US02660,2660,ZCTA5 02660,6557,434,6028,469,232,178,0,17,89,125,0,17,111,125,97,67,26,32,71,64
8600000US02663,2663,ZCTA5 02663,120,100,120,100,0,12,0,12,0,12,0,12,0,12,0,12,0,12,0,12
8600000US02664,2664,ZCTA5 02664,9049,445,8500,469,44,43,0,17,238,194,0,17,135,104,132,112,21,32,111,103
8600000US02666,2666,ZCTA5 02666,808,211,782,205,11,19,9,16,0,12,0,12,0,12,6,12,0,12,6,12
8600000US02667,2667,ZCTA5 02667,3048,270,2820,286,78,64,0,12,58,76,0,12,1,3,91,67,11,16,80,66
8600000US02668,2668,ZCTA5 02668,2934,378,2857,391,0,12,0,12,0,12,0,12,0,12,77,99,0,12,77,99
8600000US02669,2669,ZCTA5 02669,251,173,192,134,59,105,0,12,0,12,0,12,0,12,0,12,0,12,0,12
8600000US02670,2670,ZCTA5 02670,1325,216,1282,211,5,9,0,12,10,14,0,12,0,12,28,43,0,12,28,43
8600000US02671,2671,ZCTA5 02671,913,222,887,204,0,12,0,12,0,12,0,12,0,12,26,41,12,19,14,25
8600000US02672,2672,ZCTA5 02672,257,227,217,218,0,12,0,12,0,12,0,12,40,62,0,12,0,12,0,12
8600000US02673,2673,ZCTA5 02673,8571,525,7614,578,336,242,27,44,434,306,0,17,26,29,134,99,0,17,134,99
8600000US02675,2675,ZCTA5 02675,6383,533,5978,508,63,53,0,17,227,182,0,17,0,17,115,107,0,17,115,107
8600000US02702,2702,ZCTA5 02702,4632,297,4469,275,8,16,0,12,27,44,0,12,59,79,69,94,0,12,69,94
8600000US02703,2703,ZCTA5 02703,44121,29,39053,855,1762,599,26,24,1943,427,6,10,525,356,806,274,217,172,589,231
8600000US02713,2713,ZCTA5 02713,40,16,40,16,0,12,0,12,0,12,0,12,0,12,0,12,0,12,0,12
8600000US02715,2715,ZCTA5 02715,3625,470,3376,469,78,118,24,38,0,12,0,12,4,8,143,190,24,37,119,188
8600000US02717,2717,ZCTA5 02717,4479,297,4155,288,25,36,0,12,30,34,0,12,102,121,167,130,19,31,148,122
8600000US02718,2718,ZCTA5 02718,6524,563,6266,617,108,75,0,17,79,91,0,17,45,51,26,32,0,17,26,32
8600000US02719,2719,ZCTA5 02719,16078,22,14612,473,31,30,0,19,919,432,9,14,253,177,254,180,63,52,191,145
8600000US02720,2720,ZCTA5 02720,30785,943,25740,1080,1525,419,62,68,516,225,117,133,1644,495,1181,286,202,130,979,266
8600000US02721,2721,ZCTA5 02721,25722,949,21543,956,1088,299,4,7,692,288,0,22,1529,492,866,267,52,48,814,266
8600000US02723,2723,ZCTA5 02723,14162,722,11041,869,1114,465,1,4,195,157,0,19,1026,396,785,269,106,88,679,262
8600000US02724,2724,ZCTA5 02724,17601,898,14414,914,384,186,31,49,370,210,41,64,1446,583,915,285,50,55,865,286
8600000US02725,2725,ZCTA5 02725,2320,350,2246,360,41,64,0,12,0,12,0,12,24,29,9,19,0,12,9,19
8600000US02726,2726,ZCTA5 02726,15959,350,15581,366,11,16,0,19,136,127,0,19,87,88,144,91,19,29,125,95
8600000US02738,2738,ZCTA5 02738,5014,18,4528,179,87,107,0,17,97,112,0,17,178,101,124,79,17,20,107,72
8600000US02739,2739,ZCTA5 02739,6216,18,6050,120,14,21,20,34,55,87,0,17,29,46,48,63,0,17,48,63
8600000US02740,2740,ZCTA5 02740,43531,885,27862,925,3545,595,202,101,778,319,25,40,9084,968,2035,437,1213,288,822,240
8600000US02743,2743,ZCTA5 02743,10422,25,9784,292,2,4,0,19,136,164,0,19,322,219,178,115,42,57,136,110
8600000US02744,2744,ZCTA5 02744,11231,615,7912,608,735,279,7,11,95,98,0,19,1780,498,702,255,126,67,576,248
8600000US02745,2745,ZCTA5 02745,24419,720,21505,819,481,175,63,98,227,125,0,22,1591,470,552,210,162,152,390,172
8600000US02746,2746,ZCTA5 02746,15419,797,8877,784,1597,549,116,97,185,152,0,19,4219,665,425,157,105,65,320,151
8600000US02747,2747,ZCTA5 02747,23382,589,20655,670,841,199,9,20,713,223,0,22,412,130,752,248,209,150,543,200
8600000US02748,2748,ZCTA5 02748,11849,577,11025,706,47,54,0,19,313,222,0,19,70,62,394,235,81,108,313,206
8600000US02760,2760,ZCTA5 02760,27130,303,24229,792,764,525,20,19,1203,275,0,22,303,380,611,314,80,77,531,304
8600000US02762,2762,ZCTA5 02762,8892,23,8356,265,52,56,0,17,336,244,0,17,0,17,148,102,47,58,101,85
8600000US02763,2763,ZCTA5 02763,1815,304,1677,305,103,155,0,12,24,40,0,12,11,16,0,12,0,12,0,12
8600000US02764,2764,ZCTA5 02764,3708,472,3539,455,101,132,0,12,0,12,0,12,21,31,47,58,0,12,47,58
8600000US02766,2766,ZCTA5 02766,19409,25,18233,322,318,118,22,32,517,239,0,19,83,51,236,106,29,28,207,94
8600000US02767,2767,ZCTA5 02767,13872,178,12175,625,567,416,0,19,499,326,0,19,34,55,597,306,103,84,494,310
8600000US02769,2769,ZCTA5 02769,11914,28,11310,242,122,113,31,36,157,152,29,37,36,42,229,141,10,17,219,138
8600000US02770,2770,ZCTA5 02770,5219,229,4917,235,45,41,0,17,156,114,0,17,47,47,54,40,13,19,41,42
8600000US02771,2771,ZCTA5 02771,14653,23,14204,234,82,90,10,17,82,110,84,76,48,62,143,126,33,86,110,85
8600000US02777,2777,ZCTA5 02777,16236,29,15935,146,68,63,0,19,40,48,0,19,20,29,173,98,16,22,157,95
8600000US02779,2779,ZCTA5 02779,6589,17,6454,104,2,4,0,17,1,3,0,17,3,7,129,102,0,17,129,102
8600000US02780,2780,ZCTA5 02780,49807,585,42909,1103,3632,675,14,21,602,300,0,25,1444,415,1206,332,316,121,890,302
8600000US02790,2790,ZCTA5 02790,15805,208,15492,253,37,58,3,6,41,37,0,19,0,19,232,110,59,73,173,93
8600000US02791,2791,ZCTA5 02791,284,145,284,145,0,12,0,12,0,12,0,12,0,12,0,12,0,12,0,12
8600000US02861,2861,ZCTA5 02861,25400,826,20433,925,2119,552,84,86,452,211,78,87,1427,408,807,253,237,143,570,206
8600000US02895,2895,ZCTA5 02895,41272,45,33247,958,3502,711,103,67,2714,696,0,26,708,305,998,251,228,130,770,220
8600000US02914,2914,ZCTA5 02914,21575,704,15888,917,2311,521,43,43,367,221,67,89,1155,414,1744,516,613,314,1131,480
8600000US02916,2916,ZCTA5 02916,8683,427,7829,479,305,165,0,17,169,103,0,17,89,70,291,166,50,42,241,143
8600000US03470,3470,ZCTA5 03470,4914,371,4798,390,3,4,22,31,32,39,0,11,6,10,53,68,0,11,53,68
8600000US03827,3827,ZCTA5 03827,3189,208,3155,207,2,4,6,9,14,10,0,11,0,11,12,12,0,11,12,12
8600000US03858,3858,ZCTA5 03858,4787,36,4601,110,54,55,0,11,47,53,0,11,55,52,30,27,0,11,30,27
8600000US03874,3874,ZCTA5 03874,8809,50,8611,166,7,12,0,15,112,139,0,15,15,23,64,46,25,27,39,36
8600000US06091,6091,ZCTA5 06091,152,74,126,55,0,12,0,12,0,12,0,12,6,10,20,26,20,26,0,12
8600000US06093,6093,ZCTA5 06093,3248,239,3196,235,17,20,0,12,0,12,0,12,0,12,35,37,0,12,35,37